<?xml version="1.0" encoding="utf-8"?>
<COLLADA xmlns="http://www.collada.org/2005/11/COLLADASchema" version="1.4.1">
  <asset>
    <contributor>
      <author/>
      <authoring_tool>FBX COLLADA exporter</authoring_tool>
      <comments/>
    </contributor>
    <created>2025-06-27T03:11:17Z</created>
    <keywords/>
    <modified>2025-06-27T03:11:17Z</modified>
    <revision/>
    <subject/>
    <title/>
    <unit meter="0.010000" name="centimeter"/>
    <up_axis>Y_UP</up_axis>
  </asset>
  <library_animations>
    <animation id="root-anim" name="root">
      <animation>
        <source id="root-Matrix-animation-input">
          <float_array id="root-Matrix-animation-input-array" count="11">

0.000000 0.033333 0.066667 0.100000 0.133333 0.166667 0.200000 0.233333 0.266667 0.300000 0.333333</float_array>
          <technique_common>
            <accessor source="#root-Matrix-animation-input-array" count="11">
              <param name="TIME" type="float"/>
            </accessor>
          </technique_common>
        </source>
        <source id="root-Matrix-animation-output-transform">
          <float_array id="root-Matrix-animation-output-transform-array" count="176">

1.000000 0.000000 0.000000 0.000000 0.000000 1.000000 0.000000 0.000000 0.000000 0.000000 1.000000 0.000000 0.000000 0.000000 0.000000 1.000000
1.000000 0.000000 0.000000 0.000000 0.000000 1.000000 0.000000 0.000000 0.000000 0.000000 1.000000 0.000000 0.000000 0.000000 0.000000 1.000000
1.000000 0.000000 0.000000 0.000000 0.000000 1.000000 0.000000 0.000000 0.000000 0.000000 1.000000 0.000000 0.000000 0.000000 0.000000 1.000000
1.000000 0.000000 0.000000 0.000000 0.000000 1.000000 0.000000 0.000000 0.000000 0.000000 1.000000 0.000000 0.000000 0.000000 0.000000 1.000000
1.000000 0.000000 0.000000 0.000000 0.000000 1.000000 0.000000 0.000000 0.000000 0.000000 1.000000 0.000000 0.000000 0.000000 0.000000 1.000000
1.000000 0.000000 0.000000 0.000000 0.000000 1.000000 0.000000 0.000000 0.000000 0.000000 1.000000 0.000000 0.000000 0.000000 0.000000 1.000000
1.000000 0.000000 0.000000 0.000000 0.000000 1.000000 0.000000 0.000000 0.000000 0.000000 1.000000 0.000000 0.000000 0.000000 0.000000 1.000000
1.000000 0.000000 0.000000 0.000000 0.000000 1.000000 0.000000 0.000000 0.000000 0.000000 1.000000 0.000000 0.000000 0.000000 0.000000 1.000000
1.000000 0.000000 0.000000 0.000000 0.000000 1.000000 0.000000 0.000000 0.000000 0.000000 1.000000 0.000000 0.000000 0.000000 0.000000 1.000000
1.000000 0.000000 0.000000 0.000000 0.000000 1.000000 0.000000 0.000000 0.000000 0.000000 1.000000 0.000000 0.000000 0.000000 0.000000 1.000000
1.000000 0.000000 0.000000 0.000000 0.000000 1.000000 0.000000 0.000000 0.000000 0.000000 1.000000 0.000000 0.000000 0.000000 0.000000 1.000000</float_array>
          <technique_common>
            <accessor source="#root-Matrix-animation-output-transform-array" count="11" stride="16">
              <param type="float4x4"/>
            </accessor>
          </technique_common>
        </source>
        <source id="root-Interpolations">
          <Name_array id="root-Interpolations-array" count="11">
 LINEAR LINEAR LINEAR LINEAR LINEAR LINEAR LINEAR LINEAR LINEAR LINEAR LINEAR</Name_array>
          <technique_common>
            <accessor source="#root-Interpolations-array" count="11">
              <param type="name"/>
            </accessor>
          </technique_common>
        </source>
        <sampler id="root-Matrix-animation-transform">
          <input semantic="INPUT" source="#root-Matrix-animation-input"/>
          <input semantic="OUTPUT" source="#root-Matrix-animation-output-transform"/>
          <input semantic="INTERPOLATION" source="#root-Interpolations"/>
        </sampler>
        <channel source="#root-Matrix-animation-transform" target="root/matrix"/>
      </animation>
    </animation>
    <animation id="Root_M-anim" name="Root_M">
      <animation>
        <source id="Root_M-Matrix-animation-input">
          <float_array id="Root_M-Matrix-animation-input-array" count="11">

0.000000 0.033333 0.066667 0.100000 0.133333 0.166667 0.200000 0.233333 0.266667 0.300000 0.333333</float_array>
          <technique_common>
            <accessor source="#Root_M-Matrix-animation-input-array" count="11">
              <param name="TIME" type="float"/>
            </accessor>
          </technique_common>
        </source>
        <source id="Root_M-Matrix-animation-output-transform">
          <float_array id="Root_M-Matrix-animation-output-transform-array" count="176">

-0.896726 -0.438738 0.058240 -2.699515 0.041484 0.047691 0.998000 91.804131 -0.440638 0.897349 -0.024565 -0.140637 0.000000 0.000000 0.000000 1.000000
-0.808749 -0.588049 0.011205 13.238920 -0.082354 0.132083 0.987811 79.441574 -0.582362 0.797968 -0.155250 -20.277876 0.000000 0.000000 0.000000 1.000000
-0.409626 -0.908526 -0.082390 -3.712070 -0.432293 0.113787 0.894525 60.075089 -0.803324 0.402037 -0.439359 -51.674446 0.000000 0.000000 0.000000 1.000000
-0.426410 -0.903189 -0.049229 -3.707417 -0.421845 0.150426 0.894102 52.585999 -0.800138 0.402021 -0.445149 -63.076138 0.000000 0.000000 0.000000 1.000000
-0.448952 -0.893522 -0.007813 -3.688977 -0.407617 0.197012 0.891647 56.902031 -0.795167 0.403492 -0.452663 -56.493553 0.000000 0.000000 0.000000 1.000000
-0.455836 -0.890061 0.002116 -3.679955 -0.403103 0.208563 0.891072 57.603508 -0.793550 0.405330 -0.453857 -53.187954 0.000000 0.000000 0.000000 1.000000
-0.458312 -0.888782 0.004066 -3.675790 -0.401383 0.211056 0.891262 57.440075 -0.792996 0.406843 -0.453471 -54.042568 0.000000 0.000000 0.000000 1.000000
-0.463395 -0.886125 0.006965 -3.666577 -0.397777 0.215027 0.891929 57.133698 -0.791858 0.410545 -0.452122 -55.626495 0.000000 0.000000 0.000000 1.000000
-0.478061 -0.878105 0.019728 -3.640669 -0.387566 0.231050 0.892417 57.026138 -0.788194 0.418984 -0.450780 -56.453007 0.000000 0.000000 0.000000 1.000000
-0.920239 -0.390820 0.020494 10.820024 -0.061357 0.195796 0.978723 74.637131 -0.386517 0.899402 -0.204159 -31.847069 0.000000 0.000000 0.000000 1.000000
-0.896726 -0.438738 0.058240 -2.699515 0.041484 0.047691 0.998000 91.804131 -0.440638 0.897349 -0.024565 -0.140637 0.000000 0.000000 0.000000 1.000000</float_array>
          <technique_common>
            <accessor source="#Root_M-Matrix-animation-output-transform-array" count="11" stride="16">
              <param type="float4x4"/>
            </accessor>
          </technique_common>
        </source>
        <source id="Root_M-Interpolations">
          <Name_array id="Root_M-Interpolations-array" count="11">
 LINEAR LINEAR LINEAR LINEAR LINEAR LINEAR LINEAR LINEAR LINEAR LINEAR LINEAR</Name_array>
          <technique_common>
            <accessor source="#Root_M-Interpolations-array" count="11">
              <param type="name"/>
            </accessor>
          </technique_common>
        </source>
        <sampler id="Root_M-Matrix-animation-transform">
          <input semantic="INPUT" source="#Root_M-Matrix-animation-input"/>
          <input semantic="OUTPUT" source="#Root_M-Matrix-animation-output-transform"/>
          <input semantic="INTERPOLATION" source="#Root_M-Interpolations"/>
        </sampler>
        <channel source="#Root_M-Matrix-animation-transform" target="Root_M/matrix"/>
      </animation>
    </animation>
    <animation id="Bow_Root-anim" name="Bow_Root">
      <animation>
        <source id="Bow_Root-Matrix-animation-input">
          <float_array id="Bow_Root-Matrix-animation-input-array" count="11">

0.000000 0.033333 0.066667 0.100000 0.133333 0.166667 0.200000 0.233333 0.266667 0.300000 0.333333</float_array>
          <technique_common>
            <accessor source="#Bow_Root-Matrix-animation-input-array" count="11">
              <param name="TIME" type="float"/>
            </accessor>
          </technique_common>
        </source>
        <source id="Bow_Root-Matrix-animation-output-transform">
          <float_array id="Bow_Root-Matrix-animation-output-transform-array" count="176">

-0.240593 -0.942427 0.232264 28.516195 0.224208 0.178860 0.957988 103.951393 -0.944376 0.282560 0.168267 77.343208 0.000000 0.000000 0.000000 1.000000
-0.166359 -0.814152 -0.556310 39.149036 -0.779341 -0.237080 0.580019 171.212036 -0.604113 0.530046 -0.595062 40.433727 0.000000 0.000000 0.000000 1.000000
-0.205980 -0.904155 -0.374265 5.048376 -0.828006 -0.042795 0.559084 161.211792 -0.521516 0.425053 -0.739832 -13.469977 0.000000 0.000000 0.000000 1.000000
-0.937362 0.345868 0.041560 75.954292 0.082738 0.105153 0.991008 83.860542 0.338388 0.932372 -0.127183 -64.717888 0.000000 0.000000 0.000000 1.000000
-0.613836 0.778831 0.128949 76.824356 0.363573 0.133915 0.921890 68.994759 0.700728 0.612772 -0.365364 -67.665199 0.000000 0.000000 0.000000 1.000000
-0.616872 0.776020 0.131386 77.649681 0.373041 0.141283 0.916995 69.017578 0.693043 0.614681 -0.376641 -62.051758 0.000000 0.000000 0.000000 1.000000
-0.643712 0.762093 0.069633 79.826027 0.339722 0.203040 0.918348 73.368248 0.685729 0.614807 -0.389599 -61.390297 0.000000 0.000000 0.000000 1.000000
-0.702926 0.710825 0.024947 81.388382 0.321435 0.286184 0.902651 78.238663 0.634488 0.642515 -0.429650 -58.182369 0.000000 0.000000 0.000000 1.000000
-0.793456 0.602577 0.085604 80.260612 0.372522 0.369596 0.851250 79.903564 0.481305 0.707320 -0.517731 -47.265900 0.000000 0.000000 0.000000 1.000000
0.517836 -0.793028 0.320863 -6.094643 0.242937 0.495945 0.833679 102.555931 -0.820261 -0.353759 0.449474 10.207553 0.000000 0.000000 0.000000 1.000000
-0.240593 -0.942427 0.232264 28.516195 0.224208 0.178860 0.957988 103.951393 -0.944376 0.282560 0.168267 77.343208 0.000000 0.000000 0.000000 1.000000</float_array>
          <technique_common>
            <accessor source="#Bow_Root-Matrix-animation-output-transform-array" count="11" stride="16">
              <param type="float4x4"/>
            </accessor>
          </technique_common>
        </source>
        <source id="Bow_Root-Interpolations">
          <Name_array id="Bow_Root-Interpolations-array" count="11">
 LINEAR LINEAR LINEAR LINEAR LINEAR LINEAR LINEAR LINEAR LINEAR LINEAR LINEAR</Name_array>
          <technique_common>
            <accessor source="#Bow_Root-Interpolations-array" count="11">
              <param type="name"/>
            </accessor>
          </technique_common>
        </source>
        <sampler id="Bow_Root-Matrix-animation-transform">
          <input semantic="INPUT" source="#Bow_Root-Matrix-animation-input"/>
          <input semantic="OUTPUT" source="#Bow_Root-Matrix-animation-output-transform"/>
          <input semantic="INTERPOLATION" source="#Bow_Root-Interpolations"/>
        </sampler>
        <channel source="#Bow_Root-Matrix-animation-transform" target="Bow_Root/matrix"/>
      </animation>
    </animation>
    <animation id="Spine1_M-anim" name="Spine1_M">
      <animation>
        <source id="Spine1_M-Matrix-animation-input">
          <float_array id="Spine1_M-Matrix-animation-input-array" count="11">

0.000000 0.033333 0.066667 0.100000 0.133333 0.166667 0.200000 0.233333 0.266667 0.300000 0.333333</float_array>
          <technique_common>
            <accessor source="#Spine1_M-Matrix-animation-input-array" count="11">
              <param name="TIME" type="float"/>
            </accessor>
          </technique_common>
        </source>
        <source id="Spine1_M-Matrix-animation-output-transform">
          <float_array id="Spine1_M-Matrix-animation-output-transform-array" count="176">

-0.620930 -0.779708 -0.080629 -1.703436 0.221816 -0.273433 0.935966 110.288040 -0.751827 0.563284 0.342735 -0.432649 0.000000 0.000000 0.000000 1.000000
-0.640382 -0.751327 -0.159435 13.387656 -0.101181 -0.123250 0.987204 97.370033 -0.761363 0.648319 0.002907 -23.021521 0.000000 0.000000 0.000000 1.000000
-0.386144 -0.881453 -0.271909 -5.175512 -0.605790 0.020027 0.795372 75.964607 -0.695638 0.471848 -0.541708 -59.478722 0.000000 0.000000 0.000000 1.000000
-0.551666 -0.794437 -0.254035 -4.581869 -0.559741 0.126832 0.818904 68.467972 -0.618348 0.593955 -0.514648 -70.983345 0.000000 0.000000 0.000000 1.000000
-0.647789 -0.736646 -0.194220 -3.827752 -0.483527 0.200557 0.852044 72.740395 -0.588703 0.645855 -0.486107 -64.534248 0.000000 0.000000 0.000000 1.000000
-0.659785 -0.730392 -0.176667 -3.642383 -0.464487 0.211585 0.859932 73.431664 -0.590707 0.649430 -0.478858 -61.249832 0.000000 0.000000 0.000000 1.000000
-0.663284 -0.727963 -0.173567 -3.603556 -0.460169 0.213831 0.861697 73.271591 -0.590169 0.651419 -0.476816 -62.097599 0.000000 0.000000 0.000000 1.000000
-0.668848 -0.723885 -0.169214 -3.542873 -0.453231 0.216649 0.864665 72.977074 -0.589258 0.655022 -0.472992 -63.657558 0.000000 0.000000 0.000000 1.000000
-0.686294 -0.712245 -0.147338 -3.290229 -0.425925 0.229358 0.875204 72.878181 -0.589566 0.663403 -0.460770 -64.460236 0.000000 0.000000 0.000000 1.000000
-0.887897 -0.457345 -0.049747 11.155048 -0.030785 -0.048826 0.998333 92.406601 -0.459012 0.887948 0.029273 -35.468403 0.000000 0.000000 0.000000 1.000000
-0.620930 -0.779708 -0.080629 -1.703436 0.221816 -0.273433 0.935966 110.288040 -0.751827 0.563284 0.342735 -0.432649 0.000000 0.000000 0.000000 1.000000</float_array>
          <technique_common>
            <accessor source="#Spine1_M-Matrix-animation-output-transform-array" count="11" stride="16">
              <param type="float4x4"/>
            </accessor>
          </technique_common>
        </source>
        <source id="Spine1_M-Interpolations">
          <Name_array id="Spine1_M-Interpolations-array" count="11">
 LINEAR LINEAR LINEAR LINEAR LINEAR LINEAR LINEAR LINEAR LINEAR LINEAR LINEAR</Name_array>
          <technique_common>
            <accessor source="#Spine1_M-Interpolations-array" count="11">
              <param type="name"/>
            </accessor>
          </technique_common>
        </source>
        <sampler id="Spine1_M-Matrix-animation-transform">
          <input semantic="INPUT" source="#Spine1_M-Matrix-animation-input"/>
          <input semantic="OUTPUT" source="#Spine1_M-Matrix-animation-output-transform"/>
          <input semantic="INTERPOLATION" source="#Spine1_M-Interpolations"/>
        </sampler>
        <channel source="#Spine1_M-Matrix-animation-transform" target="Spine1_M/matrix"/>
      </animation>
    </animation>
    <animation id="Chest_M-anim" name="Chest_M">
      <animation>
        <source id="Chest_M-Matrix-animation-input">
          <float_array id="Chest_M-Matrix-animation-input-array" count="11">

0.000000 0.033333 0.066667 0.100000 0.133333 0.166667 0.200000 0.233333 0.266667 0.300000 0.333333</float_array>
          <technique_common>
            <accessor source="#Chest_M-Matrix-animation-input-array" count="11">
              <param name="TIME" type="float"/>
            </accessor>
          </technique_common>
        </source>
        <source id="Chest_M-Matrix-animation-output-transform">
          <float_array id="Chest_M-Matrix-animation-output-transform-array" count="176">

-0.792676 -0.560894 0.238879 -3.117059 0.157966 0.189484 0.969094 127.087631 -0.588823 0.805912 -0.061597 5.691342 0.000000 0.000000 0.000000 1.000000
-0.715286 -0.696597 0.055836 10.563241 -0.207709 0.288207 0.934769 114.958199 -0.667251 0.657029 -0.350839 -22.983265 0.000000 0.000000 0.000000 1.000000
-0.340838 -0.937100 -0.075322 -9.985672 -0.748899 0.222206 0.624318 90.035072 -0.568311 0.269200 -0.777530 -69.061745 0.000000 0.000000 0.000000 1.000000
-0.589371 -0.800561 -0.108373 -9.075853 -0.645711 0.386199 0.658717 82.954750 -0.485489 0.458206 -0.744545 -80.087700 0.000000 0.000000 0.000000 1.000000
-0.765449 -0.641086 -0.055644 -7.263577 -0.480126 0.511405 0.712702 87.813431 -0.428447 0.572253 -0.699256 -73.133690 0.000000 0.000000 0.000000 1.000000
-0.789708 -0.612459 -0.035428 -6.767714 -0.442604 0.528803 0.724202 88.644249 -0.424810 0.587589 -0.688677 -69.721039 0.000000 0.000000 0.000000 1.000000
-0.797575 -0.602409 -0.031265 -6.674028 -0.431554 0.533617 0.727333 88.515396 -0.421469 0.593595 -0.685572 -70.532692 0.000000 0.000000 0.000000 1.000000
-0.804392 -0.593459 -0.027580 -6.536335 -0.421278 0.537049 0.730824 88.273376 -0.418902 0.599488 -0.682009 -72.024994 0.000000 0.000000 0.000000 1.000000
-0.823604 -0.567111 -0.007838 -5.896708 -0.385032 0.548920 0.741915 88.360931 -0.416446 0.614061 -0.670449 -72.611465 0.000000 0.000000 0.000000 1.000000
-0.970239 -0.238284 0.043087 10.278435 -0.045690 0.354889 0.933791 110.191513 -0.237799 0.904032 -0.355215 -34.965500 0.000000 0.000000 0.000000 1.000000
-0.792676 -0.560894 0.238879 -3.117059 0.157966 0.189484 0.969094 127.087631 -0.588823 0.805912 -0.061597 5.691342 0.000000 0.000000 0.000000 1.000000</float_array>
          <technique_common>
            <accessor source="#Chest_M-Matrix-animation-output-transform-array" count="11" stride="16">
              <param type="float4x4"/>
            </accessor>
          </technique_common>
        </source>
        <source id="Chest_M-Interpolations">
          <Name_array id="Chest_M-Interpolations-array" count="11">
 LINEAR LINEAR LINEAR LINEAR LINEAR LINEAR LINEAR LINEAR LINEAR LINEAR LINEAR</Name_array>
          <technique_common>
            <accessor source="#Chest_M-Interpolations-array" count="11">
              <param type="name"/>
            </accessor>
          </technique_common>
        </source>
        <sampler id="Chest_M-Matrix-animation-transform">
          <input semantic="INPUT" source="#Chest_M-Matrix-animation-input"/>
          <input semantic="OUTPUT" source="#Chest_M-Matrix-animation-output-transform"/>
          <input semantic="INTERPOLATION" source="#Chest_M-Interpolations"/>
        </sampler>
        <channel source="#Chest_M-Matrix-animation-transform" target="Chest_M/matrix"/>
      </animation>
    </animation>
    <animation id="Neck_M-anim" name="Neck_M">
      <animation>
        <source id="Neck_M-Matrix-animation-input">
          <float_array id="Neck_M-Matrix-animation-input-array" count="11">

0.000000 0.033333 0.066667 0.100000 0.133333 0.166667 0.200000 0.233333 0.266667 0.300000 0.333333</float_array>
          <technique_common>
            <accessor source="#Neck_M-Matrix-animation-input-array" count="11">
              <param name="TIME" type="float"/>
            </accessor>
          </technique_common>
        </source>
        <source id="Neck_M-Matrix-animation-output-transform">
          <float_array id="Neck_M-Matrix-animation-output-transform-array" count="176">

-0.792676 -0.573152 0.207757 0.233678 0.157966 0.136047 0.978028 140.729263 -0.588823 0.808077 -0.017303 4.840257 0.000000 0.000000 0.000000 1.000000
-0.774814 -0.631833 0.021206 11.335458 -0.224176 0.305961 0.925275 128.118652 -0.591108 0.712162 -0.378705 -27.907711 0.000000 0.000000 0.000000 1.000000
-0.494342 -0.867169 -0.060359 -11.063923 -0.745540 0.387250 0.542409 98.825348 -0.446987 0.313136 -0.837943 -79.998520 0.000000 0.000000 0.000000 1.000000
-0.711248 -0.692208 -0.122368 -10.616638 -0.618033 0.532851 0.578018 92.232330 -0.334905 0.486742 -0.806796 -90.556618 0.000000 0.000000 0.000000 1.000000
-0.859941 -0.501738 -0.093598 -8.059175 -0.437780 0.630810 0.640646 97.853188 -0.262394 0.591893 -0.762110 -82.963036 0.000000 0.000000 0.000000 1.000000
-0.880292 -0.468131 -0.077076 -7.278280 -0.398821 0.642175 0.654640 98.846184 -0.256961 0.607014 -0.752001 -79.401215 0.000000 0.000000 0.000000 1.000000
-0.886562 -0.456630 -0.074134 -7.125795 -0.387381 0.645201 0.658522 98.761490 -0.252870 0.612539 -0.748901 -80.169037 0.000000 0.000000 0.000000 1.000000
-0.891960 -0.446422 -0.071520 -6.936069 -0.376975 0.647025 0.662759 98.568657 -0.249595 0.618115 -0.745410 -81.611092 0.000000 0.000000 0.000000 1.000000
-0.907726 -0.415957 -0.054900 -6.018095 -0.340214 0.653150 0.676498 98.812523 -0.245536 0.632753 -0.734395 -82.034592 0.000000 0.000000 0.000000 1.000000
-0.988204 -0.153132 -0.001678 10.880133 -0.057108 0.358325 0.931849 123.339561 -0.142094 0.920953 -0.362843 -39.946709 0.000000 0.000000 0.000000 1.000000
-0.792676 -0.573152 0.207757 0.233678 0.157966 0.136047 0.978028 140.729263 -0.588823 0.808077 -0.017303 4.840257 0.000000 0.000000 0.000000 1.000000</float_array>
          <technique_common>
            <accessor source="#Neck_M-Matrix-animation-output-transform-array" count="11" stride="16">
              <param type="float4x4"/>
            </accessor>
          </technique_common>
        </source>
        <source id="Neck_M-Interpolations">
          <Name_array id="Neck_M-Interpolations-array" count="11">
 LINEAR LINEAR LINEAR LINEAR LINEAR LINEAR LINEAR LINEAR LINEAR LINEAR LINEAR</Name_array>
          <technique_common>
            <accessor source="#Neck_M-Interpolations-array" count="11">
              <param type="name"/>
            </accessor>
          </technique_common>
        </source>
        <sampler id="Neck_M-Matrix-animation-transform">
          <input semantic="INPUT" source="#Neck_M-Matrix-animation-input"/>
          <input semantic="OUTPUT" source="#Neck_M-Matrix-animation-output-transform"/>
          <input semantic="INTERPOLATION" source="#Neck_M-Interpolations"/>
        </sampler>
        <channel source="#Neck_M-Matrix-animation-transform" target="Neck_M/matrix"/>
      </animation>
    </animation>
    <animation id="Head_M-anim" name="Head_M">
      <animation>
        <source id="Head_M-Matrix-animation-input">
          <float_array id="Head_M-Matrix-animation-input-array" count="11">

0.000000 0.033333 0.066667 0.100000 0.133333 0.166667 0.200000 0.233333 0.266667 0.300000 0.333333</float_array>
          <technique_common>
            <accessor source="#Head_M-Matrix-animation-input-array" count="11">
              <param name="TIME" type="float"/>
            </accessor>
          </technique_common>
        </source>
        <source id="Head_M-Matrix-animation-output-transform">
          <float_array id="Head_M-Matrix-animation-output-transform-array" count="176">

-0.998825 -0.037889 0.030229 2.141411 0.038699 -0.247841 0.968027 149.710068 -0.029186 0.968059 0.249016 4.681375 0.000000 0.000000 0.000000 1.000000
-0.985228 -0.043624 -0.165591 11.530216 -0.169680 0.118435 0.978357 136.615036 -0.023068 0.992003 -0.124087 -31.385170 0.000000 0.000000 0.000000 1.000000
-0.873249 -0.365547 -0.322201 -11.618131 -0.484802 0.585218 0.649991 103.806053 -0.049044 0.723807 -0.688257 -87.692955 0.000000 0.000000 0.000000 1.000000
-0.929004 -0.173695 -0.326774 -11.740295 -0.364725 0.579263 0.728992 97.540031 0.062666 0.796420 -0.601489 -97.965088 0.000000 0.000000 0.000000 1.000000
-0.970032 -0.046557 -0.238476 -8.918645 -0.226491 0.528633 0.818076 103.735970 0.087979 0.847573 -0.523335 -89.961174 0.000000 0.000000 0.000000 1.000000
-0.977057 -0.022871 -0.211748 -7.986038 -0.192929 0.516180 0.834467 104.857468 0.090215 0.856174 -0.508750 -86.306519 0.000000 0.000000 0.000000 1.000000
-0.978594 -0.015725 -0.205197 -7.806534 -0.184150 0.512057 0.838979 104.808418 0.091880 0.858807 -0.503992 -87.045876 0.000000 0.000000 0.000000 1.000000
-0.979904 -0.007167 -0.199340 -7.592805 -0.175292 0.507841 0.843428 104.654488 0.095188 0.861421 -0.498892 -88.455856 0.000000 0.000000 0.000000 1.000000
-0.984637 0.020166 -0.173447 -6.522213 -0.140989 0.494200 0.857840 105.024521 0.103017 0.869114 -0.483764 -88.778244 0.000000 0.000000 0.000000 1.000000
-0.931937 0.360967 -0.034587 10.864723 -0.016278 0.053640 0.998428 131.896332 0.362255 0.931034 -0.044113 -43.278542 0.000000 0.000000 0.000000 1.000000
-0.998825 -0.037889 0.030229 2.141411 0.038699 -0.247841 0.968027 149.710068 -0.029186 0.968059 0.249016 4.681375 0.000000 0.000000 0.000000 1.000000</float_array>
          <technique_common>
            <accessor source="#Head_M-Matrix-animation-output-transform-array" count="11" stride="16">
              <param type="float4x4"/>
            </accessor>
          </technique_common>
        </source>
        <source id="Head_M-Interpolations">
          <Name_array id="Head_M-Interpolations-array" count="11">
 LINEAR LINEAR LINEAR LINEAR LINEAR LINEAR LINEAR LINEAR LINEAR LINEAR LINEAR</Name_array>
          <technique_common>
            <accessor source="#Head_M-Interpolations-array" count="11">
              <param type="name"/>
            </accessor>
          </technique_common>
        </source>
        <sampler id="Head_M-Matrix-animation-transform">
          <input semantic="INPUT" source="#Head_M-Matrix-animation-input"/>
          <input semantic="OUTPUT" source="#Head_M-Matrix-animation-output-transform"/>
          <input semantic="INTERPOLATION" source="#Head_M-Interpolations"/>
        </sampler>
        <channel source="#Head_M-Matrix-animation-transform" target="Head_M/matrix"/>
      </animation>
    </animation>
    <animation id="TopHair_joint_R-anim" name="TopHair_joint_R">
      <animation>
        <source id="TopHair_joint_R-Matrix-animation-input">
          <float_array id="TopHair_joint_R-Matrix-animation-input-array" count="11">

0.000000 0.033333 0.066667 0.100000 0.133333 0.166667 0.200000 0.233333 0.266667 0.300000 0.333333</float_array>
          <technique_common>
            <accessor source="#TopHair_joint_R-Matrix-animation-input-array" count="11">
              <param name="TIME" type="float"/>
            </accessor>
          </technique_common>
        </source>
        <source id="TopHair_joint_R-Matrix-animation-output-transform">
          <float_array id="TopHair_joint_R-Matrix-animation-output-transform-array" count="176">

-0.998617 -0.049860 -0.016668 -2.920212 -0.033923 0.368915 0.928844 199.351837 -0.040163 0.928125 -0.370096 28.854832 0.000000 0.000000 0.000000 1.000000
-0.970800 -0.168890 -0.170361 -4.069649 -0.239797 0.663561 0.708649 189.641907 -0.006639 0.728809 -0.684684 -27.021139 0.000000 0.000000 0.000000 1.000000
-0.850056 -0.517050 -0.100323 -38.594749 -0.526651 0.836841 0.149452 142.420792 0.006681 0.179877 -0.983667 -116.940437 0.000000 0.000000 0.000000 1.000000
-0.903914 -0.366601 -0.220327 -37.147366 -0.412712 0.882818 0.224278 141.100662 0.112288 0.293659 -0.949292 -121.013588 0.000000 0.000000 0.000000 1.000000
-0.950343 -0.213465 -0.226455 -28.386473 -0.281730 0.899243 0.334650 152.395416 0.132202 0.381831 -0.914728 -108.059280 0.000000 0.000000 0.000000 1.000000
-0.959126 -0.178883 -0.219268 -25.789385 -0.249547 0.900029 0.357316 154.470596 0.133430 0.397429 -0.907880 -103.507065 0.000000 0.000000 0.000000 1.000000
-0.961085 -0.169315 -0.218283 -25.185575 -0.241152 0.899665 0.363935 154.673340 0.134762 0.402412 -0.905485 -103.949684 0.000000 0.000000 0.000000 1.000000
-0.962756 -0.159004 -0.218673 -24.567574 -0.232673 0.899192 0.370563 154.767258 0.137708 0.407641 -0.902699 -105.034424 0.000000 0.000000 0.000000 1.000000
-0.969166 -0.121875 -0.214158 -21.821898 -0.199615 0.897882 0.392379 155.975464 0.144468 0.423030 -0.894525 -104.405151 0.000000 0.000000 0.000000 1.000000
-0.924239 0.237234 -0.299170 7.230604 -0.088753 0.628597 0.772651 186.236206 0.371356 0.740666 -0.559919 -32.874111 0.000000 0.000000 0.000000 1.000000
-0.998617 -0.049860 -0.016668 -2.920212 -0.033923 0.368915 0.928844 199.351837 -0.040163 0.928125 -0.370096 28.854832 0.000000 0.000000 0.000000 1.000000</float_array>
          <technique_common>
            <accessor source="#TopHair_joint_R-Matrix-animation-output-transform-array" count="11" stride="16">
              <param type="float4x4"/>
            </accessor>
          </technique_common>
        </source>
        <source id="TopHair_joint_R-Interpolations">
          <Name_array id="TopHair_joint_R-Interpolations-array" count="11">
 LINEAR LINEAR LINEAR LINEAR LINEAR LINEAR LINEAR LINEAR LINEAR LINEAR LINEAR</Name_array>
          <technique_common>
            <accessor source="#TopHair_joint_R-Interpolations-array" count="11">
              <param type="name"/>
            </accessor>
          </technique_common>
        </source>
        <sampler id="TopHair_joint_R-Matrix-animation-transform">
          <input semantic="INPUT" source="#TopHair_joint_R-Matrix-animation-input"/>
          <input semantic="OUTPUT" source="#TopHair_joint_R-Matrix-animation-output-transform"/>
          <input semantic="INTERPOLATION" source="#TopHair_joint_R-Interpolations"/>
        </sampler>
        <channel source="#TopHair_joint_R-Matrix-animation-transform" target="TopHair_joint_R/matrix"/>
      </animation>
    </animation>
    <animation id="TopHair_joint2_R-anim" name="TopHair_joint2_R">
      <animation>
        <source id="TopHair_joint2_R-Matrix-animation-input">
          <float_array id="TopHair_joint2_R-Matrix-animation-input-array" count="11">

0.000000 0.033333 0.066667 0.100000 0.133333 0.166667 0.200000 0.233333 0.266667 0.300000 0.333333</float_array>
          <technique_common>
            <accessor source="#TopHair_joint2_R-Matrix-animation-input-array" count="11">
              <param name="TIME" type="float"/>
            </accessor>
          </technique_common>
        </source>
        <source id="TopHair_joint2_R-Matrix-animation-output-transform">
          <float_array id="TopHair_joint2_R-Matrix-animation-output-transform-array" count="176">

-0.153311 0.216453 0.964180 -3.170148 0.985203 -0.042177 0.166122 213.279572 0.076624 0.975382 -0.206784 23.305349 0.000000 0.000000 0.000000 1.000000
-0.339384 0.166829 0.925735 -6.624105 0.895677 0.357973 0.263853 200.267883 -0.287370 0.918708 -0.270915 -37.287731 0.000000 0.000000 0.000000 1.000000
-0.416984 -0.198116 0.887060 -40.099018 0.441563 0.808890 0.388225 144.661758 -0.794447 0.553576 -0.249814 -131.690155 0.000000 0.000000 0.000000 1.000000
-0.463449 -0.003752 0.886116 -40.451096 0.541725 0.790160 0.286674 144.463638 -0.701249 0.612889 -0.364166 -135.247940 0.000000 0.000000 0.000000 1.000000
-0.406593 0.145105 0.902013 -31.782091 0.662413 0.726775 0.181676 157.413422 -0.629199 0.671373 -0.391621 -121.775360 0.000000 0.000000 0.000000 1.000000
-0.385933 0.174830 0.905809 -29.077248 0.686671 0.710143 0.155502 159.828415 -0.616067 0.682006 -0.394118 -117.120461 0.000000 0.000000 0.000000 1.000000
-0.381055 0.183338 0.906192 -28.458666 0.693375 0.705019 0.148928 160.130447 -0.611579 0.685081 -0.395773 -117.527161 0.000000 0.000000 0.000000 1.000000
-0.377036 0.192982 0.905871 -27.846506 0.700048 0.699775 0.142294 160.323730 -0.606445 0.687803 -0.398937 -118.570122 0.000000 0.000000 0.000000 1.000000
-0.357350 0.225420 0.906359 -25.033140 0.722725 0.681421 0.115473 161.859070 -0.591582 0.696313 -0.406423 -117.818283 0.000000 0.000000 0.000000 1.000000
-0.268908 0.563968 0.780788 2.744648 0.954743 0.263051 0.138816 197.821869 -0.127099 0.782780 -0.609181 -41.269924 0.000000 0.000000 0.000000 1.000000
-0.153311 0.216453 0.964180 -3.170148 0.985203 -0.042177 0.166122 213.279572 0.076624 0.975382 -0.206784 23.305349 0.000000 0.000000 0.000000 1.000000</float_array>
          <technique_common>
            <accessor source="#TopHair_joint2_R-Matrix-animation-output-transform-array" count="11" stride="16">
              <param type="float4x4"/>
            </accessor>
          </technique_common>
        </source>
        <source id="TopHair_joint2_R-Interpolations">
          <Name_array id="TopHair_joint2_R-Interpolations-array" count="11">
 LINEAR LINEAR LINEAR LINEAR LINEAR LINEAR LINEAR LINEAR LINEAR LINEAR LINEAR</Name_array>
          <technique_common>
            <accessor source="#TopHair_joint2_R-Interpolations-array" count="11">
              <param type="name"/>
            </accessor>
          </technique_common>
        </source>
        <sampler id="TopHair_joint2_R-Matrix-animation-transform">
          <input semantic="INPUT" source="#TopHair_joint2_R-Matrix-animation-input"/>
          <input semantic="OUTPUT" source="#TopHair_joint2_R-Matrix-animation-output-transform"/>
          <input semantic="INTERPOLATION" source="#TopHair_joint2_R-Interpolations"/>
        </sampler>
        <channel source="#TopHair_joint2_R-Matrix-animation-transform" target="TopHair_joint2_R/matrix"/>
      </animation>
    </animation>
    <animation id="Sideburns_joint_R-anim" name="Sideburns_joint_R">
      <animation>
        <source id="Sideburns_joint_R-Matrix-animation-input">
          <float_array id="Sideburns_joint_R-Matrix-animation-input-array" count="11">

0.000000 0.033333 0.066667 0.100000 0.133333 0.166667 0.200000 0.233333 0.266667 0.300000 0.333333</float_array>
          <technique_common>
            <accessor source="#Sideburns_joint_R-Matrix-animation-input-array" count="11">
              <param name="TIME" type="float"/>
            </accessor>
          </technique_common>
        </source>
        <source id="Sideburns_joint_R-Matrix-animation-output-transform">
          <float_array id="Sideburns_joint_R-Matrix-animation-output-transform-array" count="176">

0.990437 -0.106383 -0.087850 -19.050999 -0.124649 -0.417025 -0.900307 166.536606 0.059142 0.902648 -0.426297 13.524529 0.000000 0.000000 0.000000 1.000000
0.991490 -0.075478 0.106076 -12.894193 0.100616 -0.072805 -0.992258 151.035294 0.082617 0.994485 -0.064591 -28.945652 0.000000 0.000000 0.000000 1.000000
0.875582 -0.355683 0.326873 -38.095493 0.463004 0.424915 -0.777866 107.994942 0.137780 0.832428 0.536731 -97.276772 0.000000 0.000000 0.000000 1.000000
0.941164 -0.170161 0.291985 -38.505142 0.337123 0.412340 -0.846359 105.697174 0.023620 0.894997 0.445445 -103.214439 0.000000 0.000000 0.000000 1.000000
0.981746 -0.064112 0.179067 -34.331669 0.190134 0.355252 -0.915229 116.200760 -0.004937 0.932569 0.360957 -93.004066 0.000000 0.000000 0.000000 1.000000
0.987909 -0.046187 0.147995 -32.950443 0.154836 0.342189 -0.926786 118.273720 -0.007837 0.938495 0.345203 -88.996185 0.000000 0.000000 0.000000 1.000000
0.989304 -0.040466 0.140141 -32.650036 0.145542 0.337882 -0.929867 118.473091 -0.009723 0.940318 0.340157 -89.601044 0.000000 0.000000 0.000000 1.000000
0.990597 -0.033220 0.132719 -32.315544 0.136169 0.333500 -0.932864 118.567703 -0.013272 0.942165 0.334887 -90.835106 0.000000 0.000000 0.000000 1.000000
0.994725 -0.011418 0.101937 -30.742847 0.100224 0.319678 -0.942211 119.863678 -0.021829 0.947458 0.319136 -90.678703 0.000000 0.000000 0.000000 1.000000
0.948944 0.301048 -0.094212 -7.971120 -0.056950 -0.130254 -0.989844 149.645859 -0.310262 0.944672 -0.106459 -31.420324 0.000000 0.000000 0.000000 1.000000
0.990437 -0.106383 -0.087850 -19.050999 -0.124649 -0.417025 -0.900307 166.536606 0.059142 0.902648 -0.426297 13.524529 0.000000 0.000000 0.000000 1.000000</float_array>
          <technique_common>
            <accessor source="#Sideburns_joint_R-Matrix-animation-output-transform-array" count="11" stride="16">
              <param type="float4x4"/>
            </accessor>
          </technique_common>
        </source>
        <source id="Sideburns_joint_R-Interpolations">
          <Name_array id="Sideburns_joint_R-Interpolations-array" count="11">
 LINEAR LINEAR LINEAR LINEAR LINEAR LINEAR LINEAR LINEAR LINEAR LINEAR LINEAR</Name_array>
          <technique_common>
            <accessor source="#Sideburns_joint_R-Interpolations-array" count="11">
              <param type="name"/>
            </accessor>
          </technique_common>
        </source>
        <sampler id="Sideburns_joint_R-Matrix-animation-transform">
          <input semantic="INPUT" source="#Sideburns_joint_R-Matrix-animation-input"/>
          <input semantic="OUTPUT" source="#Sideburns_joint_R-Matrix-animation-output-transform"/>
          <input semantic="INTERPOLATION" source="#Sideburns_joint_R-Interpolations"/>
        </sampler>
        <channel source="#Sideburns_joint_R-Matrix-animation-transform" target="Sideburns_joint_R/matrix"/>
      </animation>
    </animation>
    <animation id="Sideburns_joint2_R-anim" name="Sideburns_joint2_R">
      <animation>
        <source id="Sideburns_joint2_R-Matrix-animation-input">
          <float_array id="Sideburns_joint2_R-Matrix-animation-input-array" count="11">

0.000000 0.033333 0.066667 0.100000 0.133333 0.166667 0.200000 0.233333 0.266667 0.300000 0.333333</float_array>
          <technique_common>
            <accessor source="#Sideburns_joint2_R-Matrix-animation-input-array" count="11">
              <param name="TIME" type="float"/>
            </accessor>
          </technique_common>
        </source>
        <source id="Sideburns_joint2_R-Matrix-animation-output-transform">
          <float_array id="Sideburns_joint2_R-Matrix-animation-output-transform-array" count="176">

0.958746 -0.235880 0.158639 -20.367083 0.148849 -0.058867 -0.987106 153.049118 0.242177 0.969998 -0.021328 7.138181 0.000000 0.000000 0.000000 1.000000
0.899085 -0.273355 0.341940 -11.305108 0.410131 0.252801 -0.876290 136.170364 0.153095 0.928099 0.339401 -29.913300 0.000000 0.000000 0.000000 1.000000
0.703253 -0.588049 0.399542 -33.198685 0.710933 0.579234 -0.398825 96.341805 0.003101 0.564522 0.825412 -89.236038 0.000000 0.000000 0.000000 1.000000
0.786581 -0.415626 0.456667 -34.130928 0.613267 0.612136 -0.499192 93.017899 -0.072065 0.672713 0.736385 -96.541237 0.000000 0.000000 0.000000 1.000000
0.867028 -0.285995 0.408005 -31.649086 0.493338 0.607549 -0.622497 102.489731 -0.069852 0.741007 0.667854 -87.596573 0.000000 0.000000 0.000000 1.000000
0.883821 -0.259895 0.388993 -30.733326 0.462973 0.605351 -0.647461 104.389572 -0.067205 0.752333 0.655347 -83.824699 0.000000 0.000000 0.000000 1.000000
0.887976 -0.252170 0.384588 -30.550581 0.454943 0.603983 -0.654394 104.542770 -0.067266 0.756052 0.651045 -84.505157 0.000000 0.000000 0.000000 1.000000
0.891979 -0.243162 0.381110 -30.327276 0.446806 0.602530 -0.661303 104.592491 -0.068827 0.760151 0.646091 -85.818169 0.000000 0.000000 0.000000 1.000000
0.906968 -0.213228 0.363240 -29.215740 0.415076 0.598990 -0.684780 105.748436 -0.071563 0.771845 0.631770 -85.897736 0.000000 0.000000 0.000000 1.000000
0.943784 0.150250 0.294443 -9.382509 0.257270 0.225443 -0.939674 134.817032 -0.207566 0.962601 0.174115 -33.015182 0.000000 0.000000 0.000000 1.000000
0.958746 -0.235880 0.158639 -20.367083 0.148849 -0.058867 -0.987106 153.049118 0.242177 0.969998 -0.021328 7.138181 0.000000 0.000000 0.000000 1.000000</float_array>
          <technique_common>
            <accessor source="#Sideburns_joint2_R-Matrix-animation-output-transform-array" count="11" stride="16">
              <param type="float4x4"/>
            </accessor>
          </technique_common>
        </source>
        <source id="Sideburns_joint2_R-Interpolations">
          <Name_array id="Sideburns_joint2_R-Interpolations-array" count="11">
 LINEAR LINEAR LINEAR LINEAR LINEAR LINEAR LINEAR LINEAR LINEAR LINEAR LINEAR</Name_array>
          <technique_common>
            <accessor source="#Sideburns_joint2_R-Interpolations-array" count="11">
              <param type="name"/>
            </accessor>
          </technique_common>
        </source>
        <sampler id="Sideburns_joint2_R-Matrix-animation-transform">
          <input semantic="INPUT" source="#Sideburns_joint2_R-Matrix-animation-input"/>
          <input semantic="OUTPUT" source="#Sideburns_joint2_R-Matrix-animation-output-transform"/>
          <input semantic="INTERPOLATION" source="#Sideburns_joint2_R-Interpolations"/>
        </sampler>
        <channel source="#Sideburns_joint2_R-Matrix-animation-transform" target="Sideburns_joint2_R/matrix"/>
      </animation>
    </animation>
    <animation id="HairTail_joint_M-anim" name="HairTail_joint_M">
      <animation>
        <source id="HairTail_joint_M-Matrix-animation-input">
          <float_array id="HairTail_joint_M-Matrix-animation-input-array" count="11">

0.000000 0.033333 0.066667 0.100000 0.133333 0.166667 0.200000 0.233333 0.266667 0.300000 0.333333</float_array>
          <technique_common>
            <accessor source="#HairTail_joint_M-Matrix-animation-input-array" count="11">
              <param name="TIME" type="float"/>
            </accessor>
          </technique_common>
        </source>
        <source id="HairTail_joint_M-Matrix-animation-output-transform">
          <float_array id="HairTail_joint_M-Matrix-animation-output-transform-array" count="176">

-0.839266 0.378706 0.390146 2.796457 0.034856 0.753547 -0.656469 156.002701 -0.542602 -0.537354 -0.645627 -9.392467 0.000000 0.000000 0.000000 1.000000
-0.617663 0.473345 0.628042 11.762103 -0.070461 0.762066 -0.643654 137.364059 -0.783279 -0.441815 -0.437348 -46.795643 0.000000 0.000000 0.000000 1.000000
-0.035682 0.289043 0.956651 -6.898462 -0.439243 0.855305 -0.274806 96.599968 -0.897659 -0.430008 0.096441 -100.495094 0.000000 0.000000 0.000000 1.000000
-0.402023 0.400509 0.823389 -9.950398 -0.658408 0.498474 -0.563935 90.630402 -0.636299 -0.768841 0.063300 -111.645454 0.000000 0.000000 0.000000 1.000000
-0.609791 0.280963 0.741091 -8.832197 -0.739518 0.134630 -0.659537 97.828575 -0.285079 -0.950228 0.125681 -104.215797 0.000000 0.000000 0.000000 1.000000
-0.741312 0.232774 0.629502 -8.190143 -0.605000 0.174302 -0.776913 99.182159 -0.290569 -0.956783 0.011616 -100.653946 0.000000 0.000000 0.000000 1.000000
-0.883805 0.252845 0.393648 -8.102247 -0.324536 0.274726 -0.905098 99.207596 -0.336994 -0.927683 -0.160747 -101.420937 0.000000 0.000000 0.000000 1.000000
-0.931811 0.334563 0.140698 -8.003404 -0.012610 0.357579 -0.933798 99.129395 -0.362725 -0.871897 -0.328977 -102.857391 0.000000 0.000000 0.000000 1.000000
-0.919765 0.392457 -0.003120 -7.281023 0.165764 0.381256 -0.909486 99.744431 -0.355745 -0.837031 -0.415721 -103.257324 0.000000 0.000000 0.000000 1.000000
-0.987790 0.133348 -0.080556 5.284719 0.147401 0.632556 -0.760359 133.683060 -0.050436 -0.762949 -0.644488 -57.553356 0.000000 0.000000 0.000000 1.000000
-0.839266 0.378706 0.390146 2.796457 0.034856 0.753547 -0.656469 156.002701 -0.542602 -0.537354 -0.645627 -9.392467 0.000000 0.000000 0.000000 1.000000</float_array>
          <technique_common>
            <accessor source="#HairTail_joint_M-Matrix-animation-output-transform-array" count="11" stride="16">
              <param type="float4x4"/>
            </accessor>
          </technique_common>
        </source>
        <source id="HairTail_joint_M-Interpolations">
          <Name_array id="HairTail_joint_M-Interpolations-array" count="11">
 LINEAR LINEAR LINEAR LINEAR LINEAR LINEAR LINEAR LINEAR LINEAR LINEAR LINEAR</Name_array>
          <technique_common>
            <accessor source="#HairTail_joint_M-Interpolations-array" count="11">
              <param type="name"/>
            </accessor>
          </technique_common>
        </source>
        <sampler id="HairTail_joint_M-Matrix-animation-transform">
          <input semantic="INPUT" source="#HairTail_joint_M-Matrix-animation-input"/>
          <input semantic="OUTPUT" source="#HairTail_joint_M-Matrix-animation-output-transform"/>
          <input semantic="INTERPOLATION" source="#HairTail_joint_M-Interpolations"/>
        </sampler>
        <channel source="#HairTail_joint_M-Matrix-animation-transform" target="HairTail_joint_M/matrix"/>
      </animation>
    </animation>
    <animation id="HairTail_joint2_M-anim" name="HairTail_joint2_M">
      <animation>
        <source id="HairTail_joint2_M-Matrix-animation-input">
          <float_array id="HairTail_joint2_M-Matrix-animation-input-array" count="11">

0.000000 0.033333 0.066667 0.100000 0.133333 0.166667 0.200000 0.233333 0.266667 0.300000 0.333333</float_array>
          <technique_common>
            <accessor source="#HairTail_joint2_M-Matrix-animation-input-array" count="11">
              <param name="TIME" type="float"/>
            </accessor>
          </technique_common>
        </source>
        <source id="HairTail_joint2_M-Matrix-animation-output-transform">
          <float_array id="HairTail_joint2_M-Matrix-animation-output-transform-array" count="176">

-0.891568 0.267186 0.365675 9.731074 0.092762 0.898048 -0.430005 144.334335 -0.443286 -0.349458 -0.825455 -20.868109 0.000000 0.000000 0.000000 1.000000
-0.489380 0.433745 0.756552 22.925106 0.347156 0.892729 -0.287257 125.923553 -0.799993 0.122064 -0.587461 -54.569241 0.000000 0.000000 0.000000 1.000000
-0.039753 -0.243715 0.969032 10.105367 0.398039 0.885668 0.239077 91.715500 -0.916507 0.395216 0.061800 -98.780960 0.000000 0.000000 0.000000 1.000000
-0.247878 0.247299 0.936696 4.684867 -0.348732 0.879280 -0.324426 80.606773 -0.903849 -0.407074 -0.131713 -110.520332 0.000000 0.000000 0.000000 1.000000
-0.513127 0.158023 0.843641 4.340261 -0.802893 0.259091 -0.536874 86.105705 -0.303418 -0.952838 -0.006071 -101.981888 0.000000 0.000000 0.000000 1.000000
-0.751422 0.125907 0.647698 2.998884 -0.576200 0.353077 -0.737109 85.373009 -0.321495 -0.927083 -0.192763 -100.447472 0.000000 0.000000 0.000000 1.000000
-0.958650 0.240196 0.152633 -1.105389 0.000111 0.536644 -0.843809 83.120010 -0.284589 -0.808900 -0.514480 -104.278114 0.000000 0.000000 0.000000 1.000000
-0.825426 0.479442 -0.298005 -5.503661 0.555896 0.598472 -0.576896 82.531509 -0.098241 -0.641846 -0.760515 -108.704758 0.000000 0.000000 0.000000 1.000000
-0.646315 0.616512 -0.449655 -7.335463 0.761893 0.554097 -0.335404 83.578842 0.042372 -0.559366 -0.827837 -110.646515 0.000000 0.000000 0.000000 1.000000
-0.853035 0.279109 -0.440942 3.852881 0.460485 0.800134 -0.384369 120.168121 0.245532 -0.530927 -0.811068 -69.008751 0.000000 0.000000 0.000000 1.000000
-0.891568 0.267186 0.365675 9.731074 0.092762 0.898048 -0.430005 144.334335 -0.443286 -0.349458 -0.825455 -20.868109 0.000000 0.000000 0.000000 1.000000</float_array>
          <technique_common>
            <accessor source="#HairTail_joint2_M-Matrix-animation-output-transform-array" count="11" stride="16">
              <param type="float4x4"/>
            </accessor>
          </technique_common>
        </source>
        <source id="HairTail_joint2_M-Interpolations">
          <Name_array id="HairTail_joint2_M-Interpolations-array" count="11">
 LINEAR LINEAR LINEAR LINEAR LINEAR LINEAR LINEAR LINEAR LINEAR LINEAR LINEAR</Name_array>
          <technique_common>
            <accessor source="#HairTail_joint2_M-Interpolations-array" count="11">
              <param type="name"/>
            </accessor>
          </technique_common>
        </source>
        <sampler id="HairTail_joint2_M-Matrix-animation-transform">
          <input semantic="INPUT" source="#HairTail_joint2_M-Matrix-animation-input"/>
          <input semantic="OUTPUT" source="#HairTail_joint2_M-Matrix-animation-output-transform"/>
          <input semantic="INTERPOLATION" source="#HairTail_joint2_M-Interpolations"/>
        </sampler>
        <channel source="#HairTail_joint2_M-Matrix-animation-transform" target="HairTail_joint2_M/matrix"/>
      </animation>
    </animation>
    <animation id="HairTail_joint3_M-anim" name="HairTail_joint3_M">
      <animation>
        <source id="HairTail_joint3_M-Matrix-animation-input">
          <float_array id="HairTail_joint3_M-Matrix-animation-input-array" count="11">

0.000000 0.033333 0.066667 0.100000 0.133333 0.166667 0.200000 0.233333 0.266667 0.300000 0.333333</float_array>
          <technique_common>
            <accessor source="#HairTail_joint3_M-Matrix-animation-input-array" count="11">
              <param name="TIME" type="float"/>
            </accessor>
          </technique_common>
        </source>
        <source id="HairTail_joint3_M-Matrix-animation-output-transform">
          <float_array id="HairTail_joint3_M-Matrix-animation-output-transform-array" count="176">

-0.890605 0.140507 0.432528 14.475117 0.115075 0.989750 -0.084574 138.755722 -0.439978 -0.025549 -0.897645 -31.577040 0.000000 0.000000 0.000000 1.000000
-0.354840 0.185054 0.916429 32.740051 0.723094 0.675671 0.143543 122.196815 -0.592642 0.713599 -0.373566 -62.190521 0.000000 0.000000 0.000000 1.000000
-0.432751 -0.622795 0.651807 22.676868 0.848114 -0.036112 0.528581 94.817146 -0.305660 0.781551 0.543829 -97.979218 0.000000 0.000000 0.000000 1.000000
-0.117527 -0.109561 0.987008 16.836964 0.108690 0.986506 0.122448 76.397881 -0.987104 0.121669 -0.104033 -112.229088 0.000000 0.000000 0.000000 1.000000
-0.302104 -0.053404 0.951777 15.285106 -0.866596 0.431368 -0.250862 79.140663 -0.397170 -0.900593 -0.176598 -102.060638 0.000000 0.000000 0.000000 1.000000
-0.688130 -0.043790 0.724265 11.401693 -0.602971 0.589755 -0.537230 75.810234 -0.403614 -0.806394 -0.432232 -102.948257 0.000000 0.000000 0.000000 1.000000
-0.958913 0.280515 0.042380 0.874776 0.211849 0.807383 -0.550684 72.172966 -0.188692 -0.519080 -0.833637 -110.952652 0.000000 0.000000 0.000000 1.000000
-0.557382 0.737606 -0.381133 -9.369784 0.772062 0.629311 0.088815 75.047256 0.305362 -0.244754 -0.920244 -118.571198 0.000000 0.000000 0.000000 1.000000
-0.236414 0.901522 -0.362445 -13.168991 0.791805 0.394950 0.465897 79.227531 0.563165 -0.176841 -0.807200 -121.386345 0.000000 0.000000 0.000000 1.000000
-0.655175 0.547629 -0.520430 -1.867618 0.561089 0.814015 0.150196 115.181572 0.505889 -0.193603 -0.840591 -79.531029 0.000000 0.000000 0.000000 1.000000
-0.890605 0.140507 0.432528 14.475117 0.115075 0.989750 -0.084574 138.755722 -0.439978 -0.025549 -0.897645 -31.577040 0.000000 0.000000 0.000000 1.000000</float_array>
          <technique_common>
            <accessor source="#HairTail_joint3_M-Matrix-animation-output-transform-array" count="11" stride="16">
              <param type="float4x4"/>
            </accessor>
          </technique_common>
        </source>
        <source id="HairTail_joint3_M-Interpolations">
          <Name_array id="HairTail_joint3_M-Interpolations-array" count="11">
 LINEAR LINEAR LINEAR LINEAR LINEAR LINEAR LINEAR LINEAR LINEAR LINEAR LINEAR</Name_array>
          <technique_common>
            <accessor source="#HairTail_joint3_M-Interpolations-array" count="11">
              <param type="name"/>
            </accessor>
          </technique_common>
        </source>
        <sampler id="HairTail_joint3_M-Matrix-animation-transform">
          <input semantic="INPUT" source="#HairTail_joint3_M-Matrix-animation-input"/>
          <input semantic="OUTPUT" source="#HairTail_joint3_M-Matrix-animation-output-transform"/>
          <input semantic="INTERPOLATION" source="#HairTail_joint3_M-Interpolations"/>
        </sampler>
        <channel source="#HairTail_joint3_M-Matrix-animation-transform" target="HairTail_joint3_M/matrix"/>
      </animation>
    </animation>
    <animation id="Sideburns_joint_L-anim" name="Sideburns_joint_L">
      <animation>
        <source id="Sideburns_joint_L-Matrix-animation-input">
          <float_array id="Sideburns_joint_L-Matrix-animation-input-array" count="11">

0.000000 0.033333 0.066667 0.100000 0.133333 0.166667 0.200000 0.233333 0.266667 0.300000 0.333333</float_array>
          <technique_common>
            <accessor source="#Sideburns_joint_L-Matrix-animation-input-array" count="11">
              <param name="TIME" type="float"/>
            </accessor>
          </technique_common>
        </source>
        <source id="Sideburns_joint_L-Matrix-animation-output-transform">
          <float_array id="Sideburns_joint_L-Matrix-animation-output-transform-array" count="176">

0.974268 0.105338 0.199262 24.019478 -0.224618 0.380587 0.897051 164.867844 0.018657 -0.918726 0.394455 14.783053 0.000000 0.000000 0.000000 1.000000
0.996603 0.082167 0.005540 29.589987 -0.008323 0.033562 0.999402 158.352066 0.081932 -0.996053 0.034132 -27.950922 0.000000 0.000000 0.000000 1.000000
0.903458 0.370632 -0.215397 -0.440074 0.378627 -0.454315 0.806374 128.900131 0.201010 -0.810080 -0.550786 -95.161942 0.000000 0.000000 0.000000 1.000000
0.966132 0.184037 -0.180883 1.554590 0.245965 -0.444795 0.861196 121.424545 0.078036 -0.876520 -0.474998 -105.916679 0.000000 0.000000 0.000000 1.000000
0.994928 0.073688 -0.068466 7.497227 0.091973 -0.390866 0.915841 125.967285 0.040725 -0.917493 -0.395661 -96.797836 0.000000 0.000000 0.000000 1.000000
0.997801 0.054557 -0.037637 9.181365 0.055540 -0.378363 0.923990 126.593086 0.036170 -0.924048 -0.380561 -92.886375 0.000000 0.000000 0.000000 1.000000
0.998374 0.048533 -0.029908 9.548084 0.045937 -0.374204 0.926208 126.413879 0.033760 -0.926075 -0.375825 -93.563011 0.000000 0.000000 0.000000 1.000000
0.998902 0.041001 -0.022679 9.939066 0.036263 -0.369969 0.928336 126.126457 0.029672 -0.928139 -0.371050 -94.939713 0.000000 0.000000 0.000000 1.000000
0.999810 0.018002 0.007491 11.715833 -0.000579 -0.356621 0.934249 125.943306 0.019490 -0.934076 -0.356543 -95.120903 0.000000 0.000000 0.000000 1.000000
0.935128 -0.302129 0.185077 32.215076 -0.165084 0.090658 0.982104 150.347809 -0.313501 -0.948946 0.034900 -47.041191 0.000000 0.000000 0.000000 1.000000
0.974268 0.105338 0.199262 24.019478 -0.224618 0.380587 0.897051 164.867844 0.018657 -0.918726 0.394455 14.783053 0.000000 0.000000 0.000000 1.000000</float_array>
          <technique_common>
            <accessor source="#Sideburns_joint_L-Matrix-animation-output-transform-array" count="11" stride="16">
              <param type="float4x4"/>
            </accessor>
          </technique_common>
        </source>
        <source id="Sideburns_joint_L-Interpolations">
          <Name_array id="Sideburns_joint_L-Interpolations-array" count="11">
 LINEAR LINEAR LINEAR LINEAR LINEAR LINEAR LINEAR LINEAR LINEAR LINEAR LINEAR</Name_array>
          <technique_common>
            <accessor source="#Sideburns_joint_L-Interpolations-array" count="11">
              <param type="name"/>
            </accessor>
          </technique_common>
        </source>
        <sampler id="Sideburns_joint_L-Matrix-animation-transform">
          <input semantic="INPUT" source="#Sideburns_joint_L-Matrix-animation-input"/>
          <input semantic="OUTPUT" source="#Sideburns_joint_L-Matrix-animation-output-transform"/>
          <input semantic="INTERPOLATION" source="#Sideburns_joint_L-Interpolations"/>
        </sampler>
        <channel source="#Sideburns_joint_L-Matrix-animation-transform" target="Sideburns_joint_L/matrix"/>
      </animation>
    </animation>
    <animation id="Sideburns_joint2_L-anim" name="Sideburns_joint2_L">
      <animation>
        <source id="Sideburns_joint2_L-Matrix-animation-input">
          <float_array id="Sideburns_joint2_L-Matrix-animation-input-array" count="11">

0.000000 0.033333 0.066667 0.100000 0.133333 0.166667 0.200000 0.233333 0.266667 0.300000 0.333333</float_array>
          <technique_common>
            <accessor source="#Sideburns_joint2_L-Matrix-animation-input-array" count="11">
              <param name="TIME" type="float"/>
            </accessor>
          </technique_common>
        </source>
        <source id="Sideburns_joint2_L-Matrix-animation-output-transform">
          <float_array id="Sideburns_joint2_L-Matrix-animation-output-transform-array" count="176">

0.834857 -0.057022 0.547505 21.034342 -0.544800 0.056752 0.836643 151.429153 -0.078779 -0.996759 0.016314 8.873733 0.000000 0.000000 0.000000 1.000000
0.925281 -0.012036 0.379088 29.506948 -0.362573 -0.321438 0.874768 143.380127 0.111324 -0.946854 -0.301785 -28.462254 0.000000 0.000000 0.000000 1.000000
0.902780 0.342847 0.259703 2.786726 0.090110 -0.741182 0.665229 116.819923 0.420559 -0.577153 -0.700018 -86.910660 0.000000 0.000000 0.000000 1.000000
0.957911 0.151412 0.243887 4.264397 -0.053658 -0.740174 0.670271 108.522995 0.282006 -0.655146 -0.700896 -98.800751 0.000000 0.000000 0.000000 1.000000
0.950272 0.006382 0.311355 8.522917 -0.219379 -0.695890 0.683820 112.247093 0.221033 -0.718120 -0.659885 -90.870453 0.000000 0.000000 0.000000 1.000000
0.942959 -0.022586 0.332142 9.745196 -0.256886 -0.683961 0.682794 112.750816 0.211750 -0.729169 -0.650749 -87.185211 0.000000 0.000000 0.000000 1.000000
0.941046 -0.030980 0.336857 9.996132 -0.266837 -0.680038 0.682895 112.538383 0.207920 -0.732522 -0.648214 -87.932777 0.000000 0.000000 0.000000 1.000000
0.939339 -0.040598 0.340580 10.278823 -0.276826 -0.676006 0.682923 112.219078 0.202509 -0.735777 -0.646237 -89.381035 0.000000 0.000000 0.000000 1.000000
0.930605 -0.072764 0.358719 11.603613 -0.313965 -0.662463 0.680124 111.947350 0.188149 -0.745552 -0.639337 -89.779526 0.000000 0.000000 0.000000 1.000000
0.822464 -0.428094 0.374550 29.442436 -0.505605 -0.248522 0.826196 135.634933 -0.260606 -0.868891 -0.420847 -47.564030 0.000000 0.000000 0.000000 1.000000
0.834857 -0.057022 0.547505 21.034342 -0.544800 0.056752 0.836643 151.429153 -0.078779 -0.996759 0.016314 8.873733 0.000000 0.000000 0.000000 1.000000</float_array>
          <technique_common>
            <accessor source="#Sideburns_joint2_L-Matrix-animation-output-transform-array" count="11" stride="16">
              <param type="float4x4"/>
            </accessor>
          </technique_common>
        </source>
        <source id="Sideburns_joint2_L-Interpolations">
          <Name_array id="Sideburns_joint2_L-Interpolations-array" count="11">
 LINEAR LINEAR LINEAR LINEAR LINEAR LINEAR LINEAR LINEAR LINEAR LINEAR LINEAR</Name_array>
          <technique_common>
            <accessor source="#Sideburns_joint2_L-Interpolations-array" count="11">
              <param type="name"/>
            </accessor>
          </technique_common>
        </source>
        <sampler id="Sideburns_joint2_L-Matrix-animation-transform">
          <input semantic="INPUT" source="#Sideburns_joint2_L-Matrix-animation-input"/>
          <input semantic="OUTPUT" source="#Sideburns_joint2_L-Matrix-animation-output-transform"/>
          <input semantic="INTERPOLATION" source="#Sideburns_joint2_L-Interpolations"/>
        </sampler>
        <channel source="#Sideburns_joint2_L-Matrix-animation-transform" target="Sideburns_joint2_L/matrix"/>
      </animation>
    </animation>
    <animation id="Scapula_R-anim" name="Scapula_R">
      <animation>
        <source id="Scapula_R-Matrix-animation-input">
          <float_array id="Scapula_R-Matrix-animation-input-array" count="11">

0.000000 0.033333 0.066667 0.100000 0.133333 0.166667 0.200000 0.233333 0.266667 0.300000 0.333333</float_array>
          <technique_common>
            <accessor source="#Scapula_R-Matrix-animation-input-array" count="11">
              <param name="TIME" type="float"/>
            </accessor>
          </technique_common>
        </source>
        <source id="Scapula_R-Matrix-animation-output-transform">
          <float_array id="Scapula_R-Matrix-animation-output-transform-array" count="176">

0.194168 -0.980372 -0.034203 -6.547106 -0.968768 -0.186155 -0.163814 139.216949 0.154232 0.064942 -0.985898 -3.505208 0.000000 0.000000 0.000000 1.000000
0.351302 -0.896633 -0.269514 6.238622 -0.808962 -0.145768 -0.569503 122.702812 0.471348 0.418093 -0.776550 -35.819881 0.000000 0.000000 0.000000 1.000000
0.361105 -0.907527 -0.214474 -11.288543 -0.302588 0.103517 -0.947484 88.980553 0.882068 0.407038 -0.237226 -84.574669 0.000000 0.000000 0.000000 1.000000
0.466810 -0.767353 -0.439612 -13.692222 -0.402237 0.258472 -0.878292 82.809845 0.787587 0.586824 -0.188000 -94.991737 0.000000 0.000000 0.000000 1.000000
0.462468 -0.620343 -0.633482 -13.551698 -0.537849 0.371722 -0.756664 89.554260 0.704871 0.690650 -0.161741 -87.307304 0.000000 0.000000 0.000000 1.000000
0.449070 -0.595922 -0.665742 -13.158433 -0.566072 0.386732 -0.728011 90.838921 0.691302 0.703786 -0.163665 -83.785347 0.000000 0.000000 0.000000 1.000000
0.446753 -0.586811 -0.675326 -13.127976 -0.574101 0.390896 -0.719450 90.841797 0.686163 0.709122 -0.162255 -84.546844 0.000000 0.000000 0.000000 1.000000
0.444636 -0.578691 -0.683678 -13.044967 -0.581913 0.393633 -0.711639 90.732269 0.680937 0.714262 -0.161725 -85.991165 0.000000 0.000000 0.000000 1.000000
0.430040 -0.556423 -0.710956 -12.455374 -0.608331 0.403284 -0.683591 91.273773 0.667083 0.726468 -0.165061 -86.466484 0.000000 0.000000 0.000000 1.000000
0.387134 -0.599597 -0.700437 1.783018 -0.883738 -0.024664 -0.467332 119.340500 0.262935 0.799922 -0.539435 -44.324249 0.000000 0.000000 0.000000 1.000000
0.194168 -0.980372 -0.034203 -6.547106 -0.968768 -0.186155 -0.163814 139.216949 0.154232 0.064942 -0.985898 -3.505208 0.000000 0.000000 0.000000 1.000000</float_array>
          <technique_common>
            <accessor source="#Scapula_R-Matrix-animation-output-transform-array" count="11" stride="16">
              <param type="float4x4"/>
            </accessor>
          </technique_common>
        </source>
        <source id="Scapula_R-Interpolations">
          <Name_array id="Scapula_R-Interpolations-array" count="11">
 LINEAR LINEAR LINEAR LINEAR LINEAR LINEAR LINEAR LINEAR LINEAR LINEAR LINEAR</Name_array>
          <technique_common>
            <accessor source="#Scapula_R-Interpolations-array" count="11">
              <param type="name"/>
            </accessor>
          </technique_common>
        </source>
        <sampler id="Scapula_R-Matrix-animation-transform">
          <input semantic="INPUT" source="#Scapula_R-Matrix-animation-input"/>
          <input semantic="OUTPUT" source="#Scapula_R-Matrix-animation-output-transform"/>
          <input semantic="INTERPOLATION" source="#Scapula_R-Interpolations"/>
        </sampler>
        <channel source="#Scapula_R-Matrix-animation-transform" target="Scapula_R/matrix"/>
      </animation>
    </animation>
    <animation id="Shoulder_R-anim" name="Shoulder_R">
      <animation>
        <source id="Shoulder_R-Matrix-animation-input">
          <float_array id="Shoulder_R-Matrix-animation-input-array" count="11">

0.000000 0.033333 0.066667 0.100000 0.133333 0.166667 0.200000 0.233333 0.266667 0.300000 0.333333</float_array>
          <technique_common>
            <accessor source="#Shoulder_R-Matrix-animation-input-array" count="11">
              <param name="TIME" type="float"/>
            </accessor>
          </technique_common>
        </source>
        <source id="Shoulder_R-Matrix-animation-output-transform">
          <float_array id="Shoulder_R-Matrix-animation-output-transform-array" count="176">

0.272809 -0.882611 0.382849 -7.003122 -0.842173 -0.411469 -0.348479 137.032822 0.465102 -0.227357 -0.855563 -16.650120 0.000000 0.000000 0.000000 1.000000
0.278320 -0.960201 -0.023497 2.645243 -0.841299 -0.231906 -0.488298 115.109734 0.463415 0.155671 -0.872361 -46.173546 0.000000 0.000000 0.000000 1.000000
-0.000786 -0.986048 -0.166458 -14.148123 -0.588684 0.135015 -0.797009 76.347893 0.808363 0.097365 -0.580577 -87.737602 0.000000 0.000000 0.000000 1.000000
0.050436 -0.899909 -0.433151 -19.553535 -0.609955 0.315667 -0.726849 71.099632 0.790830 0.300862 -0.532983 -97.498337 0.000000 0.000000 0.000000 1.000000
0.028482 -0.774861 -0.631489 -21.997871 -0.655237 0.462616 -0.597202 79.465698 0.754886 0.430784 -0.494542 -89.463783 0.000000 0.000000 0.000000 1.000000
0.047576 -0.760115 -0.648044 -22.034723 -0.664312 0.460421 -0.588814 81.132393 0.745940 0.458517 -0.483048 -85.967476 0.000000 0.000000 0.000000 1.000000
0.115179 -0.767861 -0.630178 -22.132050 -0.659975 0.414984 -0.626276 81.249420 0.742406 0.488035 -0.458971 -86.710182 0.000000 0.000000 0.000000 1.000000
0.265568 -0.777768 -0.569694 -22.160404 -0.628761 0.308226 -0.713903 81.244034 0.730846 0.547791 -0.407174 -88.147430 0.000000 0.000000 0.000000 1.000000
0.458163 -0.745571 -0.483954 -21.934504 -0.560081 0.180628 -0.808507 82.159508 0.690214 0.641481 -0.334823 -88.667229 0.000000 0.000000 0.000000 1.000000
0.580095 -0.736560 -0.347806 -7.555856 -0.737633 -0.293895 -0.607884 113.109596 0.345524 0.609184 -0.713798 -51.516495 0.000000 0.000000 0.000000 1.000000
0.272809 -0.882611 0.382849 -7.003122 -0.842173 -0.411469 -0.348479 137.032822 0.465102 -0.227357 -0.855563 -16.650120 0.000000 0.000000 0.000000 1.000000</float_array>
          <technique_common>
            <accessor source="#Shoulder_R-Matrix-animation-output-transform-array" count="11" stride="16">
              <param type="float4x4"/>
            </accessor>
          </technique_common>
        </source>
        <source id="Shoulder_R-Interpolations">
          <Name_array id="Shoulder_R-Interpolations-array" count="11">
 LINEAR LINEAR LINEAR LINEAR LINEAR LINEAR LINEAR LINEAR LINEAR LINEAR LINEAR</Name_array>
          <technique_common>
            <accessor source="#Shoulder_R-Interpolations-array" count="11">
              <param type="name"/>
            </accessor>
          </technique_common>
        </source>
        <sampler id="Shoulder_R-Matrix-animation-transform">
          <input semantic="INPUT" source="#Shoulder_R-Matrix-animation-input"/>
          <input semantic="OUTPUT" source="#Shoulder_R-Matrix-animation-output-transform"/>
          <input semantic="INTERPOLATION" source="#Shoulder_R-Interpolations"/>
        </sampler>
        <channel source="#Shoulder_R-Matrix-animation-transform" target="Shoulder_R/matrix"/>
      </animation>
    </animation>
    <animation id="Elbow_R-anim" name="Elbow_R">
      <animation>
        <source id="Elbow_R-Matrix-animation-input">
          <float_array id="Elbow_R-Matrix-animation-input-array" count="11">

0.000000 0.033333 0.066667 0.100000 0.133333 0.166667 0.200000 0.233333 0.266667 0.300000 0.333333</float_array>
          <technique_common>
            <accessor source="#Elbow_R-Matrix-animation-input-array" count="11">
              <param name="TIME" type="float"/>
            </accessor>
          </technique_common>
        </source>
        <source id="Elbow_R-Matrix-animation-output-transform">
          <float_array id="Elbow_R-Matrix-animation-output-transform-array" count="176">

0.272809 -0.597199 -0.754274 5.599309 -0.842173 0.230782 -0.487323 125.561783 0.465102 0.768175 -0.439985 -44.813107 0.000000 0.000000 0.000000 1.000000
0.278320 0.227398 -0.933182 1.871748 -0.841299 0.526478 -0.122623 99.036247 0.463415 0.819214 0.337839 -74.889397 0.000000 0.000000 0.000000 1.000000
-0.000786 0.755710 -0.654906 -19.627544 -0.588684 0.529052 0.611192 50.112431 0.808363 0.386013 0.444458 -106.848648 0.000000 0.000000 0.000000 1.000000
0.050436 -0.696355 -0.715923 -33.811798 -0.609955 0.546140 -0.574183 47.173607 0.790830 0.465640 -0.397200 -115.042778 0.000000 0.000000 0.000000 1.000000
0.028482 -0.509093 -0.860240 -42.784908 -0.655237 0.640401 -0.400687 59.807327 0.754886 0.575073 -0.315337 -105.742844 0.000000 0.000000 0.000000 1.000000
0.047576 -0.477490 -0.877348 -43.366688 -0.664312 0.640808 -0.384778 61.750092 0.745940 0.601139 -0.286715 -101.868210 0.000000 0.000000 0.000000 1.000000
0.115179 -0.458485 -0.881206 -42.875904 -0.659975 0.627688 -0.412844 60.634003 0.742406 0.629125 -0.230292 -101.818359 0.000000 0.000000 0.000000 1.000000
0.265568 -0.342538 -0.901188 -40.913288 -0.628761 0.647068 -0.431235 57.744156 0.730846 0.681154 -0.043534 -101.550583 0.000000 0.000000 0.000000 1.000000
0.458163 -0.098796 -0.883361 -37.865013 -0.560081 0.739611 -0.373210 55.545513 0.690214 0.665744 0.283529 -99.688728 0.000000 0.000000 0.000000 1.000000
0.580095 0.039950 -0.813568 -19.004761 -0.737633 0.449445 -0.503882 93.099586 0.345524 0.892414 0.290189 -75.012924 0.000000 0.000000 0.000000 1.000000
0.272809 -0.597199 -0.754274 5.599309 -0.842173 0.230782 -0.487323 125.561783 0.465102 0.768175 -0.439985 -44.813107 0.000000 0.000000 0.000000 1.000000</float_array>
          <technique_common>
            <accessor source="#Elbow_R-Matrix-animation-output-transform-array" count="11" stride="16">
              <param type="float4x4"/>
            </accessor>
          </technique_common>
        </source>
        <source id="Elbow_R-Interpolations">
          <Name_array id="Elbow_R-Interpolations-array" count="11">
 LINEAR LINEAR LINEAR LINEAR LINEAR LINEAR LINEAR LINEAR LINEAR LINEAR LINEAR</Name_array>
          <technique_common>
            <accessor source="#Elbow_R-Interpolations-array" count="11">
              <param type="name"/>
            </accessor>
          </technique_common>
        </source>
        <sampler id="Elbow_R-Matrix-animation-transform">
          <input semantic="INPUT" source="#Elbow_R-Matrix-animation-input"/>
          <input semantic="OUTPUT" source="#Elbow_R-Matrix-animation-output-transform"/>
          <input semantic="INTERPOLATION" source="#Elbow_R-Interpolations"/>
        </sampler>
        <channel source="#Elbow_R-Matrix-animation-transform" target="Elbow_R/matrix"/>
      </animation>
    </animation>
    <animation id="Wrist_R-anim" name="Wrist_R">
      <animation>
        <source id="Wrist_R-Matrix-animation-input">
          <float_array id="Wrist_R-Matrix-animation-input-array" count="11">

0.000000 0.033333 0.066667 0.100000 0.133333 0.166667 0.200000 0.233333 0.266667 0.300000 0.333333</float_array>
          <technique_common>
            <accessor source="#Wrist_R-Matrix-animation-input-array" count="11">
              <param name="TIME" type="float"/>
            </accessor>
          </technique_common>
        </source>
        <source id="Wrist_R-Matrix-animation-output-transform">
          <float_array id="Wrist_R-Matrix-animation-output-transform-array" count="176">

-0.127449 -0.322118 -0.938081 -12.972989 0.112646 0.934973 -0.336356 113.562531 0.985428 -0.148539 -0.082876 -55.646751 0.000000 0.000000 0.000000 1.000000
0.706150 0.220991 -0.672693 -21.105623 -0.012059 0.953663 0.300636 96.016907 0.707959 -0.204182 0.676094 -66.570969 0.000000 0.000000 0.000000 1.000000
0.572589 0.818014 0.054727 -35.753002 -0.328952 0.168087 0.929267 65.161606 0.750955 -0.550090 0.365333 -95.904984 0.000000 0.000000 0.000000 1.000000
-0.346498 -0.690290 -0.635168 -51.439796 -0.603228 0.682511 -0.412668 33.035637 0.718370 0.240162 -0.652891 -124.822929 0.000000 0.000000 0.000000 1.000000
-0.365643 -0.503284 -0.782950 -63.966396 -0.565974 0.788032 -0.242237 49.941326 0.738903 0.354557 -0.572984 -113.507286 0.000000 0.000000 0.000000 1.000000
-0.348324 -0.467489 -0.812481 -64.969414 -0.555264 0.801230 -0.222964 52.275768 0.755217 0.373478 -0.538667 -108.927933 0.000000 0.000000 0.000000 1.000000
-0.288411 -0.442077 -0.849345 -64.573654 -0.524545 0.815038 -0.246101 50.468662 0.801044 0.374541 -0.466955 -107.488770 0.000000 0.000000 0.000000 1.000000
-0.110119 -0.294529 -0.949276 -63.103020 -0.302672 0.919660 -0.250229 47.125996 0.946712 0.259765 -0.190418 -102.622482 0.000000 0.000000 0.000000 1.000000
0.284873 -0.179348 -0.941638 -59.615757 0.174071 0.975687 -0.133171 46.356068 0.942627 -0.125974 0.309167 -92.707474 0.000000 0.000000 0.000000 1.000000
0.534088 -0.335325 -0.776085 -39.037056 0.195639 0.942081 -0.272413 80.692635 0.822481 -0.006340 0.568757 -67.867676 0.000000 0.000000 0.000000 1.000000
-0.127449 -0.322118 -0.938081 -12.972989 0.112646 0.934973 -0.336356 113.562531 0.985428 -0.148539 -0.082876 -55.646751 0.000000 0.000000 0.000000 1.000000</float_array>
          <technique_common>
            <accessor source="#Wrist_R-Matrix-animation-output-transform-array" count="11" stride="16">
              <param type="float4x4"/>
            </accessor>
          </technique_common>
        </source>
        <source id="Wrist_R-Interpolations">
          <Name_array id="Wrist_R-Interpolations-array" count="11">
 LINEAR LINEAR LINEAR LINEAR LINEAR LINEAR LINEAR LINEAR LINEAR LINEAR LINEAR</Name_array>
          <technique_common>
            <accessor source="#Wrist_R-Interpolations-array" count="11">
              <param type="name"/>
            </accessor>
          </technique_common>
        </source>
        <sampler id="Wrist_R-Matrix-animation-transform">
          <input semantic="INPUT" source="#Wrist_R-Matrix-animation-input"/>
          <input semantic="OUTPUT" source="#Wrist_R-Matrix-animation-output-transform"/>
          <input semantic="INTERPOLATION" source="#Wrist_R-Interpolations"/>
        </sampler>
        <channel source="#Wrist_R-Matrix-animation-transform" target="Wrist_R/matrix"/>
      </animation>
    </animation>
    <animation id="MiddleFinger1_R-anim" name="MiddleFinger1_R">
      <animation>
        <source id="MiddleFinger1_R-Matrix-animation-input">
          <float_array id="MiddleFinger1_R-Matrix-animation-input-array" count="11">

0.000000 0.033333 0.066667 0.100000 0.133333 0.166667 0.200000 0.233333 0.266667 0.300000 0.333333</float_array>
          <technique_common>
            <accessor source="#MiddleFinger1_R-Matrix-animation-input-array" count="11">
              <param name="TIME" type="float"/>
            </accessor>
          </technique_common>
        </source>
        <source id="MiddleFinger1_R-Matrix-animation-output-transform">
          <float_array id="MiddleFinger1_R-Matrix-animation-output-transform-array" count="176">

0.210862 -0.373586 -0.903311 -30.731836 0.156518 0.925069 -0.346048 107.195007 0.964904 -0.068416 0.253535 -57.215683 0.000000 0.000000 0.000000 1.000000
0.872837 0.249320 -0.419518 -33.840202 -0.172588 0.961796 0.212513 101.708099 0.456475 -0.113086 0.882521 -53.771870 0.000000 0.000000 0.000000 1.000000
0.467972 0.865052 0.180794 -34.716850 -0.627699 0.181350 0.757038 82.753380 0.622090 -0.467757 0.627859 -88.988884 0.000000 0.000000 0.000000 1.000000
-0.071587 -0.744938 -0.663282 -63.464172 -0.475946 0.609911 -0.633628 25.223412 0.876556 0.270327 -0.398212 -137.182831 0.000000 0.000000 0.000000 1.000000
-0.052922 -0.567052 -0.821980 -78.788437 -0.504031 0.725757 -0.468220 45.355541 0.862063 0.389525 -0.324220 -124.354446 0.000000 0.000000 0.000000 1.000000
-0.029180 -0.531289 -0.846688 -80.350487 -0.501171 0.740664 -0.447487 48.054829 0.864856 0.411278 -0.287879 -119.125473 0.000000 0.000000 0.000000 1.000000
0.037765 -0.502591 -0.863700 -80.652626 -0.465497 0.755963 -0.460253 45.809723 0.884243 0.419431 -0.205406 -116.328705 0.000000 0.000000 0.000000 1.000000
0.229089 -0.345165 -0.910153 -81.073761 -0.262012 0.878645 -0.399165 42.388969 0.937480 0.329915 0.110850 -106.227264 0.000000 0.000000 0.000000 1.000000
0.591013 -0.196833 -0.782278 -77.441910 0.144571 0.979916 -0.137338 43.835011 0.793601 -0.031926 0.607600 -86.854752 0.000000 0.000000 0.000000 1.000000
0.781095 -0.323616 -0.534007 -53.729134 0.213075 0.942023 -0.259214 75.535599 0.586932 0.088687 0.804764 -57.100533 0.000000 0.000000 0.000000 1.000000
0.210862 -0.373586 -0.903311 -30.731836 0.156518 0.925069 -0.346048 107.195007 0.964904 -0.068416 0.253535 -57.215683 0.000000 0.000000 0.000000 1.000000</float_array>
          <technique_common>
            <accessor source="#MiddleFinger1_R-Matrix-animation-output-transform-array" count="11" stride="16">
              <param type="float4x4"/>
            </accessor>
          </technique_common>
        </source>
        <source id="MiddleFinger1_R-Interpolations">
          <Name_array id="MiddleFinger1_R-Interpolations-array" count="11">
 LINEAR LINEAR LINEAR LINEAR LINEAR LINEAR LINEAR LINEAR LINEAR LINEAR LINEAR</Name_array>
          <technique_common>
            <accessor source="#MiddleFinger1_R-Interpolations-array" count="11">
              <param type="name"/>
            </accessor>
          </technique_common>
        </source>
        <sampler id="MiddleFinger1_R-Matrix-animation-transform">
          <input semantic="INPUT" source="#MiddleFinger1_R-Matrix-animation-input"/>
          <input semantic="OUTPUT" source="#MiddleFinger1_R-Matrix-animation-output-transform"/>
          <input semantic="INTERPOLATION" source="#MiddleFinger1_R-Interpolations"/>
        </sampler>
        <channel source="#MiddleFinger1_R-Matrix-animation-transform" target="MiddleFinger1_R/matrix"/>
      </animation>
    </animation>
    <animation id="MiddleFinger2_R-anim" name="MiddleFinger2_R">
      <animation>
        <source id="MiddleFinger2_R-Matrix-animation-input">
          <float_array id="MiddleFinger2_R-Matrix-animation-input-array" count="11">

0.000000 0.033333 0.066667 0.100000 0.133333 0.166667 0.200000 0.233333 0.266667 0.300000 0.333333</float_array>
          <technique_common>
            <accessor source="#MiddleFinger2_R-Matrix-animation-input-array" count="11">
              <param name="TIME" type="float"/>
            </accessor>
          </technique_common>
        </source>
        <source id="MiddleFinger2_R-Matrix-animation-output-transform">
          <float_array id="MiddleFinger2_R-Matrix-animation-output-transform-array" count="176">

0.925088 -0.373734 0.067345 -39.178955 0.366310 0.924964 0.101287 103.958977 -0.100146 -0.069030 0.992575 -54.844803 0.000000 0.000000 0.000000 1.000000
0.550388 0.248756 0.796991 -37.763149 -0.236694 0.961908 -0.136773 103.695312 -0.800656 -0.113365 0.588302 -45.519184 0.000000 0.000000 0.000000 1.000000
-0.105594 0.864757 0.490965 -33.026127 -0.845553 0.181760 -0.501998 89.832581 -0.523343 -0.468145 0.712005 -83.117607 0.000000 0.000000 0.000000 1.000000
0.643951 -0.744901 -0.174500 -69.666710 0.551825 0.610206 -0.568452 19.298161 0.529921 0.269762 0.803998 -140.906631 0.000000 0.000000 0.000000 1.000000
0.803640 -0.567027 -0.180670 -86.475021 0.384073 0.726073 -0.570355 40.977081 0.454587 0.388970 0.801282 -127.386330 0.000000 0.000000 0.000000 1.000000
0.831750 -0.531278 -0.161046 -88.268127 0.364039 0.740980 -0.564291 43.870247 0.419127 0.410722 0.809716 -121.817505 0.000000 0.000000 0.000000 1.000000
0.858982 -0.502626 -0.097549 -88.729317 0.382210 0.756254 -0.531032 41.505745 0.340682 0.418863 0.841718 -118.249519 0.000000 0.000000 0.000000 1.000000
0.934691 -0.345322 0.084299 -89.584862 0.353576 0.878811 -0.320430 38.656277 0.036569 0.329308 0.943514 -105.190681 0.000000 0.000000 0.000000 1.000000
0.864772 -0.197221 0.461815 -84.757233 0.158287 0.979822 0.122039 42.550758 -0.476564 -0.032437 0.878542 -81.172951 0.000000 0.000000 0.000000 1.000000
0.649122 -0.324121 0.688175 -58.722790 0.289344 0.941884 0.170690 73.111610 -0.703505 0.088321 0.705180 -49.574947 0.000000 0.000000 0.000000 1.000000
0.925088 -0.373734 0.067345 -39.178955 0.366310 0.924964 0.101287 103.958977 -0.100146 -0.069030 0.992575 -54.844803 0.000000 0.000000 0.000000 1.000000</float_array>
          <technique_common>
            <accessor source="#MiddleFinger2_R-Matrix-animation-output-transform-array" count="11" stride="16">
              <param type="float4x4"/>
            </accessor>
          </technique_common>
        </source>
        <source id="MiddleFinger2_R-Interpolations">
          <Name_array id="MiddleFinger2_R-Interpolations-array" count="11">
 LINEAR LINEAR LINEAR LINEAR LINEAR LINEAR LINEAR LINEAR LINEAR LINEAR LINEAR</Name_array>
          <technique_common>
            <accessor source="#MiddleFinger2_R-Interpolations-array" count="11">
              <param type="name"/>
            </accessor>
          </technique_common>
        </source>
        <sampler id="MiddleFinger2_R-Matrix-animation-transform">
          <input semantic="INPUT" source="#MiddleFinger2_R-Matrix-animation-input"/>
          <input semantic="OUTPUT" source="#MiddleFinger2_R-Matrix-animation-output-transform"/>
          <input semantic="INTERPOLATION" source="#MiddleFinger2_R-Interpolations"/>
        </sampler>
        <channel source="#MiddleFinger2_R-Matrix-animation-transform" target="MiddleFinger2_R/matrix"/>
      </animation>
    </animation>
    <animation id="ThumbFinger1_R-anim" name="ThumbFinger1_R">
      <animation>
        <source id="ThumbFinger1_R-Matrix-animation-input">
          <float_array id="ThumbFinger1_R-Matrix-animation-input-array" count="11">

0.000000 0.033333 0.066667 0.100000 0.133333 0.166667 0.200000 0.233333 0.266667 0.300000 0.333333</float_array>
          <technique_common>
            <accessor source="#ThumbFinger1_R-Matrix-animation-input-array" count="11">
              <param name="TIME" type="float"/>
            </accessor>
          </technique_common>
        </source>
        <source id="ThumbFinger1_R-Matrix-animation-output-transform">
          <float_array id="ThumbFinger1_R-Matrix-animation-output-transform-array" count="176">

-0.403043 0.550091 -0.731407 -23.033237 -0.471367 0.560260 0.681119 119.097275 0.784455 0.619281 0.033486 -51.976547 0.000000 0.000000 0.000000 1.000000
0.132945 0.990688 0.029373 -20.358273 -0.275121 0.008416 0.961373 105.641830 0.952172 -0.135891 0.273678 -59.352093 0.000000 0.000000 0.000000 1.000000
0.117820 0.512309 0.850681 -25.755085 0.112703 -0.858011 0.501114 71.424995 0.986619 0.036833 -0.158830 -93.430748 0.000000 0.000000 0.000000 1.000000
-0.271773 0.095250 -0.957636 -63.404682 -0.951601 0.121790 0.282174 32.075203 0.143508 0.987975 0.057541 -123.713226 0.000000 0.000000 0.000000 1.000000
-0.436165 0.243016 -0.866431 -75.639816 -0.887590 0.042323 0.458687 51.256397 0.148138 0.969099 0.197238 -110.802803 0.000000 0.000000 0.000000 1.000000
-0.452033 0.284898 -0.845280 -76.480217 -0.875880 0.037578 0.481063 53.893986 0.168818 0.957821 0.232550 -105.734955 0.000000 0.000000 0.000000 1.000000
-0.434071 0.355374 -0.827824 -75.821655 -0.869000 0.077113 0.488766 52.196964 0.237531 0.931538 0.275348 -103.512871 0.000000 0.000000 0.000000 1.000000
-0.406749 0.576032 -0.709044 -72.931831 -0.744532 0.240724 0.622674 50.872993 0.529364 0.781177 0.330961 -96.734680 0.000000 0.000000 0.000000 1.000000
-0.147724 0.837870 -0.525501 -66.301292 -0.345568 0.454116 0.821195 54.027870 0.926694 0.302906 0.222458 -86.245354 0.000000 0.000000 0.000000 1.000000
0.189241 0.823369 -0.535025 -44.370045 -0.380237 0.563808 0.733172 87.206581 0.905322 0.064690 0.419771 -59.239811 0.000000 0.000000 0.000000 1.000000
-0.403043 0.550091 -0.731407 -23.033237 -0.471367 0.560260 0.681119 119.097275 0.784455 0.619281 0.033486 -51.976547 0.000000 0.000000 0.000000 1.000000</float_array>
          <technique_common>
            <accessor source="#ThumbFinger1_R-Matrix-animation-output-transform-array" count="11" stride="16">
              <param type="float4x4"/>
            </accessor>
          </technique_common>
        </source>
        <source id="ThumbFinger1_R-Interpolations">
          <Name_array id="ThumbFinger1_R-Interpolations-array" count="11">
 LINEAR LINEAR LINEAR LINEAR LINEAR LINEAR LINEAR LINEAR LINEAR LINEAR LINEAR</Name_array>
          <technique_common>
            <accessor source="#ThumbFinger1_R-Interpolations-array" count="11">
              <param type="name"/>
            </accessor>
          </technique_common>
        </source>
        <sampler id="ThumbFinger1_R-Matrix-animation-transform">
          <input semantic="INPUT" source="#ThumbFinger1_R-Matrix-animation-input"/>
          <input semantic="OUTPUT" source="#ThumbFinger1_R-Matrix-animation-output-transform"/>
          <input semantic="INTERPOLATION" source="#ThumbFinger1_R-Interpolations"/>
        </sampler>
        <channel source="#ThumbFinger1_R-Matrix-animation-transform" target="ThumbFinger1_R/matrix"/>
      </animation>
    </animation>
    <animation id="ThumbFinger2_R-anim" name="ThumbFinger2_R">
      <animation>
        <source id="ThumbFinger2_R-Matrix-animation-input">
          <float_array id="ThumbFinger2_R-Matrix-animation-input-array" count="11">

0.000000 0.033333 0.066667 0.100000 0.133333 0.166667 0.200000 0.233333 0.266667 0.300000 0.333333</float_array>
          <technique_common>
            <accessor source="#ThumbFinger2_R-Matrix-animation-input-array" count="11">
              <param name="TIME" type="float"/>
            </accessor>
          </technique_common>
        </source>
        <source id="ThumbFinger2_R-Matrix-animation-output-transform">
          <float_array id="ThumbFinger2_R-Matrix-animation-output-transform-array" count="176">

0.232188 0.550090 -0.802178 -28.162819 -0.814930 0.560260 0.148317 123.874168 0.531015 0.619282 0.578371 -51.741699 0.000000 0.000000 0.000000 1.000000
0.073184 0.990687 0.114814 -20.151848 -0.874335 0.008352 0.485252 112.384163 0.479775 -0.135899 0.866803 -57.432762 0.000000 0.000000 0.000000 1.000000
-0.518194 0.512362 0.684807 -19.789267 -0.274687 -0.857980 0.434072 74.939774 0.809952 0.036826 0.585339 -94.544647 0.000000 0.000000 0.000000 1.000000
0.484979 0.095250 -0.869323 -70.120880 -0.872411 0.121790 -0.473357 34.054176 0.060788 0.987975 0.142163 -123.309669 0.000000 0.000000 0.000000 1.000000
0.304245 0.243016 -0.921075 -81.716362 -0.951961 0.042323 -0.303281 54.473305 -0.034719 0.969099 0.244218 -109.419518 0.000000 0.000000 0.000000 1.000000
0.278068 0.284898 -0.917339 -82.408424 -0.959504 0.037579 -0.279178 57.267826 -0.045065 0.957821 0.283810 -104.104012 0.000000 0.000000 0.000000 1.000000
0.278425 0.355374 -0.892294 -81.627434 -0.960086 0.077114 -0.268866 55.624828 -0.026740 0.931538 0.362660 -101.581772 0.000000 0.000000 0.000000 1.000000
0.213756 0.576031 -0.788984 -77.904564 -0.966760 0.240727 -0.086167 55.240002 0.140295 0.781177 0.608341 -94.413574 0.000000 0.000000 0.000000 1.000000
0.267132 0.837868 -0.476043 -69.986794 -0.825025 0.454119 0.336318 59.787151 0.497971 0.302906 0.812572 -84.685219 0.000000 0.000000 0.000000 1.000000
0.512134 0.823369 -0.244506 -48.122341 -0.787299 0.563808 0.249563 92.348541 0.343337 0.064690 0.936982 -56.295830 0.000000 0.000000 0.000000 1.000000
0.232188 0.550090 -0.802178 -28.162819 -0.814930 0.560260 0.148317 123.874168 0.531015 0.619282 0.578371 -51.741699 0.000000 0.000000 0.000000 1.000000</float_array>
          <technique_common>
            <accessor source="#ThumbFinger2_R-Matrix-animation-output-transform-array" count="11" stride="16">
              <param type="float4x4"/>
            </accessor>
          </technique_common>
        </source>
        <source id="ThumbFinger2_R-Interpolations">
          <Name_array id="ThumbFinger2_R-Interpolations-array" count="11">
 LINEAR LINEAR LINEAR LINEAR LINEAR LINEAR LINEAR LINEAR LINEAR LINEAR LINEAR</Name_array>
          <technique_common>
            <accessor source="#ThumbFinger2_R-Interpolations-array" count="11">
              <param type="name"/>
            </accessor>
          </technique_common>
        </source>
        <sampler id="ThumbFinger2_R-Matrix-animation-transform">
          <input semantic="INPUT" source="#ThumbFinger2_R-Matrix-animation-input"/>
          <input semantic="OUTPUT" source="#ThumbFinger2_R-Matrix-animation-output-transform"/>
          <input semantic="INTERPOLATION" source="#ThumbFinger2_R-Interpolations"/>
        </sampler>
        <channel source="#ThumbFinger2_R-Matrix-animation-transform" target="ThumbFinger2_R/matrix"/>
      </animation>
    </animation>
    <animation id="IndexFinger1_R-anim" name="IndexFinger1_R">
      <animation>
        <source id="IndexFinger1_R-Matrix-animation-input">
          <float_array id="IndexFinger1_R-Matrix-animation-input-array" count="11">

0.000000 0.033333 0.066667 0.100000 0.133333 0.166667 0.200000 0.233333 0.266667 0.300000 0.333333</float_array>
          <technique_common>
            <accessor source="#IndexFinger1_R-Matrix-animation-input-array" count="11">
              <param name="TIME" type="float"/>
            </accessor>
          </technique_common>
        </source>
        <source id="IndexFinger1_R-Matrix-animation-output-transform">
          <float_array id="IndexFinger1_R-Matrix-animation-output-transform-array" count="176">

0.097627 -0.152084 -0.983534 -32.315834 -0.097552 0.982033 -0.161535 112.665321 0.990430 0.111716 0.081037 -56.877979 0.000000 0.000000 0.000000 1.000000
0.707789 0.512062 -0.486649 -31.538630 -0.311105 0.844434 0.436057 106.895676 0.634231 -0.157237 0.756986 -54.353626 0.000000 0.000000 0.000000 1.000000
0.317043 0.904279 0.285944 -29.518686 -0.489585 -0.102174 0.865949 82.956802 0.812275 -0.414537 0.410328 -91.330765 0.000000 0.000000 0.000000 1.000000
-0.054375 -0.614296 -0.787200 -67.468437 -0.700612 0.585199 -0.408270 28.491600 0.711467 0.529322 -0.462204 -134.767838 0.000000 0.000000 0.000000 1.000000
-0.102245 -0.412032 -0.905415 -81.715782 -0.717598 0.660891 -0.219719 49.189739 0.688911 0.627259 -0.363246 -121.308632 0.000000 0.000000 0.000000 1.000000
-0.091245 -0.368034 -0.925325 -83.047066 -0.713671 0.672213 -0.196988 51.967564 0.694513 0.642403 -0.323991 -115.968513 0.000000 0.000000 0.000000 1.000000
-0.035837 -0.322234 -0.945982 -83.124504 -0.684875 0.697270 -0.211569 49.843628 0.727779 0.640297 -0.245678 -113.140480 0.000000 0.000000 0.000000 1.000000
0.108274 -0.119494 -0.986914 -82.479752 -0.501169 0.850803 -0.157997 47.263035 0.858548 0.511718 0.032233 -103.616913 0.000000 0.000000 0.000000 1.000000
0.452380 0.083322 -0.887925 -77.754143 -0.078645 0.995475 0.053346 49.525337 0.888352 0.045699 0.456885 -86.590286 0.000000 0.000000 0.000000 1.000000
0.708530 -0.037706 -0.704673 -54.687305 -0.029420 0.996125 -0.082882 81.116615 0.705067 0.079456 0.704675 -56.406590 0.000000 0.000000 0.000000 1.000000
0.097627 -0.152084 -0.983534 -32.315834 -0.097552 0.982033 -0.161535 112.665321 0.990430 0.111716 0.081037 -56.877979 0.000000 0.000000 0.000000 1.000000</float_array>
          <technique_common>
            <accessor source="#IndexFinger1_R-Matrix-animation-output-transform-array" count="11" stride="16">
              <param type="float4x4"/>
            </accessor>
          </technique_common>
        </source>
        <source id="IndexFinger1_R-Interpolations">
          <Name_array id="IndexFinger1_R-Interpolations-array" count="11">
 LINEAR LINEAR LINEAR LINEAR LINEAR LINEAR LINEAR LINEAR LINEAR LINEAR LINEAR</Name_array>
          <technique_common>
            <accessor source="#IndexFinger1_R-Interpolations-array" count="11">
              <param type="name"/>
            </accessor>
          </technique_common>
        </source>
        <sampler id="IndexFinger1_R-Matrix-animation-transform">
          <input semantic="INPUT" source="#IndexFinger1_R-Matrix-animation-input"/>
          <input semantic="OUTPUT" source="#IndexFinger1_R-Matrix-animation-output-transform"/>
          <input semantic="INTERPOLATION" source="#IndexFinger1_R-Interpolations"/>
        </sampler>
        <channel source="#IndexFinger1_R-Matrix-animation-transform" target="IndexFinger1_R/matrix"/>
      </animation>
    </animation>
    <animation id="IndexFinger2_R-anim" name="IndexFinger2_R">
      <animation>
        <source id="IndexFinger2_R-Matrix-animation-input">
          <float_array id="IndexFinger2_R-Matrix-animation-input-array" count="11">

0.000000 0.033333 0.066667 0.100000 0.133333 0.166667 0.200000 0.233333 0.266667 0.300000 0.333333</float_array>
          <technique_common>
            <accessor source="#IndexFinger2_R-Matrix-animation-input-array" count="11">
              <param name="TIME" type="float"/>
            </accessor>
          </technique_common>
        </source>
        <source id="IndexFinger2_R-Matrix-animation-output-transform">
          <float_array id="IndexFinger2_R-Matrix-animation-output-transform-array" count="176">

0.934982 -0.151527 -0.320699 -39.303013 0.105768 0.982128 -0.155684 111.517746 0.338558 0.111642 0.934299 -56.302280 0.000000 0.000000 0.000000 1.000000
0.736860 0.512319 0.441097 -34.995808 -0.526412 0.844194 -0.101124 109.993431 -0.424180 -0.157685 0.891743 -48.975895 0.000000 0.000000 0.000000 1.000000
-0.128469 0.904107 0.407535 -27.487270 -0.991104 -0.102653 -0.084698 89.108551 -0.034741 -0.414791 0.909254 -88.415726 0.000000 0.000000 0.000000 1.000000
0.693427 -0.613846 -0.377296 -73.060822 0.079267 0.585452 -0.806823 25.591187 0.716154 0.529565 0.454625 -138.051407 0.000000 0.000000 0.000000 1.000000
0.780882 -0.411512 -0.469979 -88.147987 -0.099280 0.661036 -0.743757 47.628830 0.616739 0.627446 0.475336 -123.889175 0.000000 0.000000 0.000000 1.000000
0.803542 -0.367504 -0.468254 -89.620720 -0.118319 0.672345 -0.730721 50.568127 0.583370 0.642569 0.496775 -118.270195 0.000000 0.000000 0.000000 1.000000
0.845366 -0.321693 -0.426462 -89.844902 -0.093087 0.697409 -0.710602 48.340614 0.526014 0.640417 0.559621 -114.885811 0.000000 0.000000 0.000000 1.000000
0.942468 -0.118933 -0.312423 -89.490929 -0.065403 0.850911 -0.521223 46.140636 0.327834 0.511670 0.794178 -103.387962 0.000000 0.000000 0.000000 1.000000
0.995608 0.083817 0.041709 -84.062111 -0.081749 0.995446 -0.049036 49.904335 -0.045629 0.045411 0.997926 -83.344574 0.000000 0.000000 0.000000 1.000000
0.935680 -0.037325 0.350870 -59.693413 0.062609 0.996173 -0.060990 80.527802 -0.347251 0.079035 0.934436 -51.400471 0.000000 0.000000 0.000000 1.000000
0.934982 -0.151527 -0.320699 -39.303013 0.105768 0.982128 -0.155684 111.517746 0.338558 0.111642 0.934299 -56.302280 0.000000 0.000000 0.000000 1.000000</float_array>
          <technique_common>
            <accessor source="#IndexFinger2_R-Matrix-animation-output-transform-array" count="11" stride="16">
              <param type="float4x4"/>
            </accessor>
          </technique_common>
        </source>
        <source id="IndexFinger2_R-Interpolations">
          <Name_array id="IndexFinger2_R-Interpolations-array" count="11">
 LINEAR LINEAR LINEAR LINEAR LINEAR LINEAR LINEAR LINEAR LINEAR LINEAR LINEAR</Name_array>
          <technique_common>
            <accessor source="#IndexFinger2_R-Interpolations-array" count="11">
              <param type="name"/>
            </accessor>
          </technique_common>
        </source>
        <sampler id="IndexFinger2_R-Matrix-animation-transform">
          <input semantic="INPUT" source="#IndexFinger2_R-Matrix-animation-input"/>
          <input semantic="OUTPUT" source="#IndexFinger2_R-Matrix-animation-output-transform"/>
          <input semantic="INTERPOLATION" source="#IndexFinger2_R-Interpolations"/>
        </sampler>
        <channel source="#IndexFinger2_R-Matrix-animation-transform" target="IndexFinger2_R/matrix"/>
      </animation>
    </animation>
    <animation id="RingFinger1_R-anim" name="RingFinger1_R">
      <animation>
        <source id="RingFinger1_R-Matrix-animation-input">
          <float_array id="RingFinger1_R-Matrix-animation-input-array" count="11">

0.000000 0.033333 0.066667 0.100000 0.133333 0.166667 0.200000 0.233333 0.266667 0.300000 0.333333</float_array>
          <technique_common>
            <accessor source="#RingFinger1_R-Matrix-animation-input-array" count="11">
              <param name="TIME" type="float"/>
            </accessor>
          </technique_common>
        </source>
        <source id="RingFinger1_R-Matrix-animation-output-transform">
          <float_array id="RingFinger1_R-Matrix-animation-output-transform-array" count="176">

0.122850 -0.566448 -0.814890 -26.380129 0.236729 0.814133 -0.530233 99.675766 0.963777 -0.127769 0.234111 -54.929634 0.000000 0.000000 0.000000 1.000000
0.871777 0.059195 -0.486314 -34.005367 -0.057365 0.998178 0.018666 92.808876 0.486533 0.011625 0.873585 -52.556484 0.000000 0.000000 0.000000 1.000000
0.566655 0.823877 -0.011366 -41.500107 -0.564858 0.398473 0.722603 79.379745 0.599865 -0.403047 0.691170 -84.161201 0.000000 0.000000 0.000000 1.000000
-0.185037 -0.847968 -0.496701 -56.597271 -0.439820 0.523441 -0.729773 19.442379 0.878817 0.083424 -0.469810 -137.540314 0.000000 0.000000 0.000000 1.000000
-0.155609 -0.708301 -0.688546 -73.320663 -0.446780 0.672132 -0.590446 38.383636 0.881007 0.215750 -0.421045 -125.837135 0.000000 0.000000 0.000000 1.000000
-0.129474 -0.681104 -0.720648 -75.130493 -0.441276 0.690411 -0.573244 40.942688 0.887982 0.243785 -0.389945 -120.820038 0.000000 0.000000 0.000000 1.000000
-0.060804 -0.664249 -0.745035 -75.540306 -0.404873 0.698667 -0.589866 38.642921 0.912349 0.265778 -0.311418 -118.118561 0.000000 0.000000 0.000000 1.000000
0.143642 -0.542233 -0.827859 -76.929794 -0.186544 0.806703 -0.560743 34.500488 0.971889 0.234978 0.014726 -107.368210 0.000000 0.000000 0.000000 1.000000
0.525477 -0.414301 -0.743121 -73.985374 0.241483 0.910136 -0.336657 35.656883 0.815818 -0.002545 0.578303 -85.486221 0.000000 0.000000 0.000000 1.000000
0.713399 -0.510592 -0.479956 -48.980831 0.299171 0.841272 -0.450288 67.913223 0.633686 0.177646 0.752917 -57.336006 0.000000 0.000000 0.000000 1.000000
0.122850 -0.566448 -0.814890 -26.380129 0.236729 0.814133 -0.530233 99.675766 0.963777 -0.127769 0.234111 -54.929634 0.000000 0.000000 0.000000 1.000000</float_array>
          <technique_common>
            <accessor source="#RingFinger1_R-Matrix-animation-output-transform-array" count="11" stride="16">
              <param type="float4x4"/>
            </accessor>
          </technique_common>
        </source>
        <source id="RingFinger1_R-Interpolations">
          <Name_array id="RingFinger1_R-Interpolations-array" count="11">
 LINEAR LINEAR LINEAR LINEAR LINEAR LINEAR LINEAR LINEAR LINEAR LINEAR LINEAR</Name_array>
          <technique_common>
            <accessor source="#RingFinger1_R-Interpolations-array" count="11">
              <param type="name"/>
            </accessor>
          </technique_common>
        </source>
        <sampler id="RingFinger1_R-Matrix-animation-transform">
          <input semantic="INPUT" source="#RingFinger1_R-Matrix-animation-input"/>
          <input semantic="OUTPUT" source="#RingFinger1_R-Matrix-animation-output-transform"/>
          <input semantic="INTERPOLATION" source="#RingFinger1_R-Interpolations"/>
        </sampler>
        <channel source="#RingFinger1_R-Matrix-animation-transform" target="RingFinger1_R/matrix"/>
      </animation>
    </animation>
    <animation id="RingFinger2_R-anim" name="RingFinger2_R">
      <animation>
        <source id="RingFinger2_R-Matrix-animation-input">
          <float_array id="RingFinger2_R-Matrix-animation-input-array" count="11">

0.000000 0.033333 0.066667 0.100000 0.133333 0.166667 0.200000 0.233333 0.266667 0.300000 0.333333</float_array>
          <technique_common>
            <accessor source="#RingFinger2_R-Matrix-animation-input-array" count="11">
              <param name="TIME" type="float"/>
            </accessor>
          </technique_common>
        </source>
        <source id="RingFinger2_R-Matrix-animation-output-transform">
          <float_array id="RingFinger2_R-Matrix-animation-output-transform-array" count="176">

0.805728 -0.565681 0.175521 -32.954140 0.514769 0.815392 0.264856 95.398170 -0.292942 -0.123049 0.948179 -53.040970 0.000000 0.000000 0.000000 1.000000
0.431803 0.063594 0.899723 -37.928558 -0.014984 0.997879 -0.063341 92.959427 -0.901844 0.013869 0.431840 -45.508965 0.000000 0.000000 0.000000 1.000000
-0.023399 0.826671 0.562199 -41.591717 -0.686461 0.395538 -0.610181 85.209183 -0.726790 -0.400205 0.558223 -78.585289 0.000000 0.000000 0.000000 1.000000
0.507040 -0.848778 -0.149953 -60.604343 0.755495 0.521399 -0.396700 13.555035 0.414896 0.087854 0.905618 -141.330444 0.000000 0.000000 0.000000 1.000000
0.696729 -0.708931 -0.109475 -78.875427 0.616877 0.670028 -0.412948 33.620289 0.366104 0.220180 0.904151 -129.233841 0.000000 0.000000 0.000000 1.000000
0.727167 -0.681600 -0.081552 -80.944221 0.599371 0.688330 -0.408603 36.318119 0.334638 0.248243 0.909062 -123.965866 0.000000 0.000000 0.000000 1.000000
0.747287 -0.664401 -0.011595 -81.550774 0.613725 0.696769 -0.371287 33.884247 0.254763 0.270342 0.928445 -120.630890 0.000000 0.000000 0.000000 1.000000
0.817400 -0.541359 0.196947 -83.608421 0.571242 0.805881 -0.155687 29.976793 -0.074433 0.239763 0.967974 -107.249374 0.000000 0.000000 0.000000 1.000000
0.709364 -0.411561 0.572207 -79.980423 0.321272 0.911382 0.257232 32.940994 -0.627366 0.001363 0.778723 -80.820885 0.000000 0.000000 0.000000 1.000000
0.435125 -0.506970 0.744075 -52.852818 0.431138 0.842825 0.322128 64.280586 -0.790434 0.180633 0.585308 -51.261948 0.000000 0.000000 0.000000 1.000000
0.805728 -0.565681 0.175521 -32.954140 0.514769 0.815392 0.264856 95.398170 -0.292942 -0.123049 0.948179 -53.040970 0.000000 0.000000 0.000000 1.000000</float_array>
          <technique_common>
            <accessor source="#RingFinger2_R-Matrix-animation-output-transform-array" count="11" stride="16">
              <param type="float4x4"/>
            </accessor>
          </technique_common>
        </source>
        <source id="RingFinger2_R-Interpolations">
          <Name_array id="RingFinger2_R-Interpolations-array" count="11">
 LINEAR LINEAR LINEAR LINEAR LINEAR LINEAR LINEAR LINEAR LINEAR LINEAR LINEAR</Name_array>
          <technique_common>
            <accessor source="#RingFinger2_R-Interpolations-array" count="11">
              <param type="name"/>
            </accessor>
          </technique_common>
        </source>
        <sampler id="RingFinger2_R-Matrix-animation-transform">
          <input semantic="INPUT" source="#RingFinger2_R-Matrix-animation-input"/>
          <input semantic="OUTPUT" source="#RingFinger2_R-Matrix-animation-output-transform"/>
          <input semantic="INTERPOLATION" source="#RingFinger2_R-Interpolations"/>
        </sampler>
        <channel source="#RingFinger2_R-Matrix-animation-transform" target="RingFinger2_R/matrix"/>
      </animation>
    </animation>
    <animation id="Scapula_L-anim" name="Scapula_L">
      <animation>
        <source id="Scapula_L-Matrix-animation-input">
          <float_array id="Scapula_L-Matrix-animation-input-array" count="11">

0.000000 0.033333 0.066667 0.100000 0.133333 0.166667 0.200000 0.233333 0.266667 0.300000 0.333333</float_array>
          <technique_common>
            <accessor source="#Scapula_L-Matrix-animation-input-array" count="11">
              <param name="TIME" type="float"/>
            </accessor>
          </technique_common>
        </source>
        <source id="Scapula_L-Matrix-animation-output-transform">
          <float_array id="Scapula_L-Matrix-animation-output-transform-array" count="176">

0.436421 0.495256 -0.751171 6.937093 0.843103 0.066434 0.533633 136.606384 0.314188 -0.866203 -0.388559 10.216575 0.000000 0.000000 0.000000 1.000000
0.217724 0.592676 -0.775456 17.859308 0.974197 -0.083559 0.209661 127.407600 0.059465 -0.801094 -0.595577 -20.996016 0.000000 0.000000 0.000000 1.000000
-0.089959 0.841302 -0.533029 -7.551462 0.898352 -0.162508 -0.408108 103.915497 -0.429962 -0.515563 -0.741166 -72.746552 0.000000 0.000000 0.000000 1.000000
0.002046 0.670170 -0.742205 -4.773231 0.915913 -0.299157 -0.267597 96.252419 -0.401371 -0.679248 -0.614430 -84.190132 0.000000 0.000000 0.000000 1.000000
0.146462 0.506467 -0.849729 -0.784982 0.919798 -0.385834 -0.071430 100.188171 -0.364032 -0.771118 -0.522358 -77.264557 0.000000 0.000000 0.000000 1.000000
0.179158 0.480559 -0.858467 0.156349 0.918172 -0.395078 -0.029542 100.803612 -0.353358 -0.782928 -0.512018 -73.767975 0.000000 0.000000 0.000000 1.000000
0.187733 0.470855 -0.862005 0.367224 0.917411 -0.397563 -0.017362 100.608482 -0.350876 -0.787553 -0.506603 -74.576012 0.000000 0.000000 0.000000 1.000000
0.195274 0.462229 -0.864992 0.607292 0.917049 -0.398730 -0.006045 100.311600 -0.347693 -0.792059 -0.501748 -76.052444 0.000000 0.000000 0.000000 1.000000
0.225154 0.439052 -0.869793 1.641384 0.914631 -0.402910 0.033381 100.191818 -0.335792 -0.803055 -0.492287 -76.532906 0.000000 0.000000 0.000000 1.000000
0.384711 0.115556 -0.915775 19.671209 0.920085 -0.127291 0.370459 121.137955 -0.073761 -0.985111 -0.155292 -36.995686 0.000000 0.000000 0.000000 1.000000
0.436421 0.495256 -0.751171 6.937093 0.843103 0.066434 0.533633 136.606384 0.314188 -0.866203 -0.388559 10.216575 0.000000 0.000000 0.000000 1.000000</float_array>
          <technique_common>
            <accessor source="#Scapula_L-Matrix-animation-output-transform-array" count="11" stride="16">
              <param type="float4x4"/>
            </accessor>
          </technique_common>
        </source>
        <source id="Scapula_L-Interpolations">
          <Name_array id="Scapula_L-Interpolations-array" count="11">
 LINEAR LINEAR LINEAR LINEAR LINEAR LINEAR LINEAR LINEAR LINEAR LINEAR LINEAR</Name_array>
          <technique_common>
            <accessor source="#Scapula_L-Interpolations-array" count="11">
              <param type="name"/>
            </accessor>
          </technique_common>
        </source>
        <sampler id="Scapula_L-Matrix-animation-transform">
          <input semantic="INPUT" source="#Scapula_L-Matrix-animation-input"/>
          <input semantic="OUTPUT" source="#Scapula_L-Matrix-animation-output-transform"/>
          <input semantic="INTERPOLATION" source="#Scapula_L-Interpolations"/>
        </sampler>
        <channel source="#Scapula_L-Matrix-animation-transform" target="Scapula_L/matrix"/>
      </animation>
    </animation>
    <animation id="Shoulder_L-anim" name="Shoulder_L">
      <animation>
        <source id="Shoulder_L-Matrix-animation-input">
          <float_array id="Shoulder_L-Matrix-animation-input-array" count="11">

0.000000 0.033333 0.066667 0.100000 0.133333 0.166667 0.200000 0.233333 0.266667 0.300000 0.333333</float_array>
          <technique_common>
            <accessor source="#Shoulder_L-Matrix-animation-input-array" count="11">
              <param name="TIME" type="float"/>
            </accessor>
          </technique_common>
        </source>
        <source id="Shoulder_L-Matrix-animation-output-transform">
          <float_array id="Shoulder_L-Matrix-animation-output-transform-array" count="176">

0.300592 0.695492 -0.652638 16.952410 0.934691 -0.078692 0.346642 129.491501 0.189729 -0.714212 -0.673724 15.397202 0.000000 0.000000 0.000000 1.000000
-0.495172 0.788972 -0.363769 28.198355 0.623680 0.031314 -0.781053 124.612221 -0.604838 -0.613631 -0.507572 -13.055271 0.000000 0.000000 0.000000 1.000000
-0.331215 0.933491 -0.137443 -0.444666 0.577050 0.085151 -0.812258 109.356766 -0.746533 -0.348343 -0.566874 -62.864681 0.000000 0.000000 0.000000 1.000000
0.129452 0.075933 -0.988674 5.122531 0.990945 -0.045757 0.126235 99.820274 -0.035653 -0.996062 -0.081169 -75.997978 0.000000 0.000000 0.000000 1.000000
0.362094 -0.104008 -0.926321 10.544398 0.895632 -0.236578 0.376662 101.140541 -0.258323 -0.966030 0.007490 -70.300003 0.000000 0.000000 0.000000 1.000000
0.372183 -0.082222 -0.924510 11.602224 0.890112 -0.250647 0.380626 101.197502 -0.263021 -0.964581 -0.020100 -66.941261 0.000000 0.000000 0.000000 1.000000
0.315438 -0.049082 -0.947676 11.860275 0.909059 -0.270866 0.316613 100.839958 -0.272233 -0.961365 -0.040823 -67.821510 0.000000 0.000000 0.000000 1.000000
0.265479 0.015913 -0.963985 12.140178 0.916762 -0.313676 0.247296 100.392197 -0.298444 -0.949397 -0.097863 -69.362663 0.000000 0.000000 0.000000 1.000000
0.303329 0.123390 -0.944863 13.238268 0.884781 -0.404606 0.231203 99.746773 -0.353769 -0.906128 -0.231902 -69.969276 0.000000 0.000000 0.000000 1.000000
0.461129 0.886606 -0.035907 31.881180 0.862376 -0.438262 0.253445 116.198647 0.208969 -0.147836 -0.966683 -34.925194 0.000000 0.000000 0.000000 1.000000
0.300592 0.695492 -0.652638 16.952410 0.934691 -0.078692 0.346642 129.491501 0.189729 -0.714212 -0.673724 15.397202 0.000000 0.000000 0.000000 1.000000</float_array>
          <technique_common>
            <accessor source="#Shoulder_L-Matrix-animation-output-transform-array" count="11" stride="16">
              <param type="float4x4"/>
            </accessor>
          </technique_common>
        </source>
        <source id="Shoulder_L-Interpolations">
          <Name_array id="Shoulder_L-Interpolations-array" count="11">
 LINEAR LINEAR LINEAR LINEAR LINEAR LINEAR LINEAR LINEAR LINEAR LINEAR LINEAR</Name_array>
          <technique_common>
            <accessor source="#Shoulder_L-Interpolations-array" count="11">
              <param type="name"/>
            </accessor>
          </technique_common>
        </source>
        <sampler id="Shoulder_L-Matrix-animation-transform">
          <input semantic="INPUT" source="#Shoulder_L-Matrix-animation-input"/>
          <input semantic="OUTPUT" source="#Shoulder_L-Matrix-animation-output-transform"/>
          <input semantic="INTERPOLATION" source="#Shoulder_L-Interpolations"/>
        </sampler>
        <channel source="#Shoulder_L-Matrix-animation-transform" target="Shoulder_L/matrix"/>
      </animation>
    </animation>
    <animation id="Elbow_L-anim" name="Elbow_L">
      <animation>
        <source id="Elbow_L-Matrix-animation-input">
          <float_array id="Elbow_L-Matrix-animation-input-array" count="11">

0.000000 0.033333 0.066667 0.100000 0.133333 0.166667 0.200000 0.233333 0.266667 0.300000 0.333333</float_array>
          <technique_common>
            <accessor source="#Elbow_L-Matrix-animation-input-array" count="11">
              <param name="TIME" type="float"/>
            </accessor>
          </technique_common>
        </source>
        <source id="Elbow_L-Matrix-animation-output-transform">
          <float_array id="Elbow_L-Matrix-animation-output-transform-array" count="176">

0.300592 0.919315 0.253975 41.320339 0.934691 -0.336921 0.113301 116.460281 0.189729 0.203331 -0.960552 40.988209 0.000000 0.000000 0.000000 1.000000
-0.495172 0.864329 0.087981 40.915565 0.623680 0.424141 -0.656603 152.170517 -0.604838 -0.270260 -0.749087 4.950041 0.000000 0.000000 0.000000 1.000000
-0.331215 0.938614 -0.096448 4.079596 0.577050 0.120626 -0.807752 136.094299 -0.746533 -0.323195 -0.581580 -44.204628 0.000000 0.000000 0.000000 1.000000
0.129452 0.168089 -0.977235 37.667183 0.990945 -0.057365 0.121401 95.664932 -0.035653 -0.984101 -0.173993 -73.326103 0.000000 0.000000 0.000000 1.000000
0.362094 0.045258 -0.931042 41.036545 0.895632 -0.293694 0.334046 88.741814 -0.258323 -0.954828 -0.146879 -70.546539 0.000000 0.000000 0.000000 1.000000
0.372183 0.085176 -0.924243 42.034760 0.890112 -0.314938 0.329415 88.668221 -0.263021 -0.945283 -0.193031 -66.279663 0.000000 0.000000 0.000000 1.000000
0.315438 0.128697 -0.940179 43.055378 0.909059 -0.325211 0.260480 90.417870 -0.272233 -0.936843 -0.219577 -66.477715 0.000000 0.000000 0.000000 1.000000
0.265479 0.209459 -0.941088 43.872124 0.916762 -0.357001 0.179159 92.251846 -0.298444 -0.910316 -0.286800 -66.141228 0.000000 0.000000 0.000000 1.000000
0.303329 0.349127 -0.886625 44.340786 0.884781 -0.448637 0.126038 92.136162 -0.353769 -0.822699 -0.444987 -62.335686 0.000000 0.000000 0.000000 1.000000
0.204068 0.230012 0.951552 33.013458 0.862376 -0.502266 -0.063535 107.321335 0.463318 0.833561 -0.300853 -0.788774 0.000000 0.000000 0.000000 1.000000
0.300592 0.919315 0.253975 41.320339 0.934691 -0.336921 0.113301 116.460281 0.189729 0.203331 -0.960552 40.988209 0.000000 0.000000 0.000000 1.000000</float_array>
          <technique_common>
            <accessor source="#Elbow_L-Matrix-animation-output-transform-array" count="11" stride="16">
              <param type="float4x4"/>
            </accessor>
          </technique_common>
        </source>
        <source id="Elbow_L-Interpolations">
          <Name_array id="Elbow_L-Interpolations-array" count="11">
 LINEAR LINEAR LINEAR LINEAR LINEAR LINEAR LINEAR LINEAR LINEAR LINEAR LINEAR</Name_array>
          <technique_common>
            <accessor source="#Elbow_L-Interpolations-array" count="11">
              <param type="name"/>
            </accessor>
          </technique_common>
        </source>
        <sampler id="Elbow_L-Matrix-animation-transform">
          <input semantic="INPUT" source="#Elbow_L-Matrix-animation-input"/>
          <input semantic="OUTPUT" source="#Elbow_L-Matrix-animation-output-transform"/>
          <input semantic="INTERPOLATION" source="#Elbow_L-Interpolations"/>
        </sampler>
        <channel source="#Elbow_L-Matrix-animation-transform" target="Elbow_L/matrix"/>
      </animation>
    </animation>
    <animation id="Wrist_L-anim" name="Wrist_L">
      <animation>
        <source id="Wrist_L-Matrix-animation-input">
          <float_array id="Wrist_L-Matrix-animation-input-array" count="11">

0.000000 0.033333 0.066667 0.100000 0.133333 0.166667 0.200000 0.233333 0.266667 0.300000 0.333333</float_array>
          <technique_common>
            <accessor source="#Wrist_L-Matrix-animation-input-array" count="11">
              <param name="TIME" type="float"/>
            </accessor>
          </technique_common>
        </source>
        <source id="Wrist_L-Matrix-animation-output-transform">
          <float_array id="Wrist_L-Matrix-animation-output-transform-array" count="176">

0.248499 0.960104 0.128254 35.066776 0.936899 -0.271856 0.219807 113.670502 0.245904 0.065539 -0.967076 64.639633 0.000000 0.000000 0.000000 1.000000
-0.543133 0.834735 0.090686 38.749245 0.641256 0.482098 -0.596969 168.337891 -0.542031 -0.266081 -0.797122 23.394621 0.000000 0.000000 0.000000 1.000000
-0.358713 0.928094 0.099836 6.454428 0.624937 0.318226 -0.712872 155.983337 -0.693383 -0.193325 -0.694152 -29.884546 0.000000 0.000000 0.000000 1.000000
0.119231 0.007215 -0.992840 61.729397 0.981191 -0.153760 0.116715 92.675705 -0.151817 -0.988082 -0.025412 -69.041924 0.000000 0.000000 0.000000 1.000000
0.181051 -0.514361 -0.838244 63.961365 0.889372 -0.278196 0.362800 80.516678 -0.419806 -0.811197 0.407091 -66.929985 0.000000 0.000000 0.000000 1.000000
0.183720 -0.510722 -0.839887 64.792168 0.883739 -0.288306 0.368627 80.557106 -0.430410 -0.809965 0.398378 -61.526726 0.000000 0.000000 0.000000 1.000000
0.124334 -0.486575 -0.864746 66.205162 0.887995 -0.334291 0.315775 84.004135 -0.442725 -0.807153 0.390512 -61.071125 0.000000 0.000000 0.000000 1.000000
0.084507 -0.416509 -0.905195 67.044312 0.874086 -0.405138 0.268020 87.840469 -0.478362 -0.813869 0.329828 -59.079414 0.000000 0.000000 0.000000 1.000000
0.152067 -0.284873 -0.946427 66.171898 0.818912 -0.499843 0.282031 89.032791 -0.553407 -0.817927 0.157276 -51.378899 0.000000 0.000000 0.000000 1.000000
0.275073 0.549723 0.788758 9.583634 0.812381 -0.571654 0.115101 108.885719 0.514171 0.609111 -0.603831 6.619055 0.000000 0.000000 0.000000 1.000000
0.248499 0.960104 0.128254 35.066776 0.936899 -0.271856 0.219807 113.670502 0.245904 0.065539 -0.967076 64.639633 0.000000 0.000000 0.000000 1.000000</float_array>
          <technique_common>
            <accessor source="#Wrist_L-Matrix-animation-output-transform-array" count="11" stride="16">
              <param type="float4x4"/>
            </accessor>
          </technique_common>
        </source>
        <source id="Wrist_L-Interpolations">
          <Name_array id="Wrist_L-Interpolations-array" count="11">
 LINEAR LINEAR LINEAR LINEAR LINEAR LINEAR LINEAR LINEAR LINEAR LINEAR LINEAR</Name_array>
          <technique_common>
            <accessor source="#Wrist_L-Interpolations-array" count="11">
              <param type="name"/>
            </accessor>
          </technique_common>
        </source>
        <sampler id="Wrist_L-Matrix-animation-transform">
          <input semantic="INPUT" source="#Wrist_L-Matrix-animation-input"/>
          <input semantic="OUTPUT" source="#Wrist_L-Matrix-animation-output-transform"/>
          <input semantic="INTERPOLATION" source="#Wrist_L-Interpolations"/>
        </sampler>
        <channel source="#Wrist_L-Matrix-animation-transform" target="Wrist_L/matrix"/>
      </animation>
    </animation>
    <animation id="MiddleFinger1_L-anim" name="MiddleFinger1_L">
      <animation>
        <source id="MiddleFinger1_L-Matrix-animation-input">
          <float_array id="MiddleFinger1_L-Matrix-animation-input-array" count="11">

0.000000 0.033333 0.066667 0.100000 0.133333 0.166667 0.200000 0.233333 0.266667 0.300000 0.333333</float_array>
          <technique_common>
            <accessor source="#MiddleFinger1_L-Matrix-animation-input-array" count="11">
              <param name="TIME" type="float"/>
            </accessor>
          </technique_common>
        </source>
        <source id="MiddleFinger1_L-Matrix-animation-output-transform">
          <float_array id="MiddleFinger1_L-Matrix-animation-output-transform-array" count="176">

0.185594 0.949270 0.253853 32.638794 0.002986 -0.258885 0.965904 109.509331 0.982622 -0.178508 -0.050882 82.947372 0.000000 0.000000 0.000000 1.000000
-0.039942 0.858749 -0.510837 37.032497 0.855558 0.293490 0.426480 179.639114 0.516166 -0.420015 -0.746432 38.484951 0.000000 0.000000 0.000000 1.000000
0.027738 0.942164 -0.333999 4.564411 0.918498 0.107825 0.380439 169.478745 0.394450 -0.317330 -0.862386 -16.743555 0.000000 0.000000 0.000000 1.000000
0.955569 -0.234802 -0.178203 80.524879 0.139852 -0.171043 0.975287 90.466179 -0.259480 -0.956876 -0.130606 -68.560852 0.000000 0.000000 0.000000 1.000000
0.704298 -0.707183 -0.062093 79.830185 -0.144740 -0.228676 0.962683 73.648506 -0.694992 -0.669028 -0.263414 -74.636627 0.000000 0.000000 0.000000 1.000000
0.707474 -0.704178 -0.060106 80.692085 -0.154215 -0.236814 0.959237 73.578621 -0.689708 -0.669367 -0.276135 -69.068420 0.000000 0.000000 0.000000 1.000000
0.719073 -0.683655 -0.124697 82.575699 -0.115167 -0.294189 0.948783 78.026184 -0.685325 -0.667884 -0.290278 -68.463913 0.000000 0.000000 0.000000 1.000000
0.761890 -0.623278 -0.176204 84.180588 -0.092123 -0.373555 0.923023 82.766594 -0.641122 -0.687009 -0.342026 -65.323402 0.000000 0.000000 0.000000 1.000000
0.851518 -0.508787 -0.126695 84.088707 -0.144024 -0.459309 0.876522 83.693665 -0.504155 -0.728128 -0.464388 -54.356300 0.000000 0.000000 0.000000 1.000000
-0.517408 0.706677 0.482593 -5.348363 -0.008739 -0.568283 0.822787 106.706734 0.855694 0.421499 0.300210 18.050198 0.000000 0.000000 0.000000 1.000000
0.185594 0.949270 0.253853 32.638794 0.002986 -0.258885 0.965904 109.509331 0.982622 -0.178508 -0.050882 82.947372 0.000000 0.000000 0.000000 1.000000</float_array>
          <technique_common>
            <accessor source="#MiddleFinger1_L-Matrix-animation-output-transform-array" count="11" stride="16">
              <param type="float4x4"/>
            </accessor>
          </technique_common>
        </source>
        <source id="MiddleFinger1_L-Interpolations">
          <Name_array id="MiddleFinger1_L-Interpolations-array" count="11">
 LINEAR LINEAR LINEAR LINEAR LINEAR LINEAR LINEAR LINEAR LINEAR LINEAR LINEAR</Name_array>
          <technique_common>
            <accessor source="#MiddleFinger1_L-Interpolations-array" count="11">
              <param type="name"/>
            </accessor>
          </technique_common>
        </source>
        <sampler id="MiddleFinger1_L-Matrix-animation-transform">
          <input semantic="INPUT" source="#MiddleFinger1_L-Matrix-animation-input"/>
          <input semantic="OUTPUT" source="#MiddleFinger1_L-Matrix-animation-output-transform"/>
          <input semantic="INTERPOLATION" source="#MiddleFinger1_L-Interpolations"/>
        </sampler>
        <channel source="#MiddleFinger1_L-Matrix-animation-transform" target="MiddleFinger1_L/matrix"/>
      </animation>
    </animation>
    <animation id="MiddleFinger2_L-anim" name="MiddleFinger2_L">
      <animation>
        <source id="MiddleFinger2_L-Matrix-animation-input">
          <float_array id="MiddleFinger2_L-Matrix-animation-input-array" count="11">

0.000000 0.033333 0.066667 0.100000 0.133333 0.166667 0.200000 0.233333 0.266667 0.300000 0.333333</float_array>
          <technique_common>
            <accessor source="#MiddleFinger2_L-Matrix-animation-input-array" count="11">
              <param name="TIME" type="float"/>
            </accessor>
          </technique_common>
        </source>
        <source id="MiddleFinger2_L-Matrix-animation-output-transform">
          <float_array id="MiddleFinger2_L-Matrix-animation-output-transform-array" count="176">

-0.150590 0.949154 0.276460 30.264938 -0.873056 -0.258877 0.413226 100.476875 0.463784 -0.179137 0.867649 83.423180 0.000000 0.000000 0.000000 1.000000
0.445626 0.858769 -0.252852 41.809483 -0.022173 0.292949 0.955871 175.650970 0.894946 -0.420354 0.149587 45.465057 0.000000 0.000000 0.000000 1.000000
0.314366 0.942143 -0.116360 7.687734 0.046208 0.107242 0.993159 165.921127 0.948177 -0.317592 -0.009821 -8.679120 0.000000 0.000000 0.000000 1.000000
0.567506 -0.235415 0.788997 82.191315 -0.823334 -0.171122 0.541146 81.345970 0.007621 -0.956712 -0.290938 -67.339508 0.000000 0.000000 0.000000 1.000000
0.355447 -0.707634 0.610664 80.410828 -0.932941 -0.228572 0.278165 64.646172 -0.057258 -0.668587 -0.741426 -72.173355 0.000000 0.000000 0.000000 1.000000
0.355000 -0.704631 0.614385 81.254158 -0.933854 -0.236705 0.268119 64.608513 -0.043497 -0.668929 -0.742053 -66.486191 0.000000 0.000000 0.000000 1.000000
0.418400 -0.684116 0.597434 83.741776 -0.907805 -0.294105 0.298985 69.153831 -0.028832 -0.667449 -0.744097 -65.749443 0.000000 0.000000 0.000000 1.000000
0.483242 -0.623767 0.614322 85.828323 -0.874714 -0.373486 0.308843 74.135147 0.036795 -0.686602 -0.726102 -62.125019 0.000000 0.000000 0.000000 1.000000
0.476568 -0.509334 0.716562 85.273476 -0.854717 -0.459207 0.242047 75.497032 0.205767 -0.727811 -0.654180 -50.013668 0.000000 0.000000 0.000000 1.000000
-0.656588 0.707014 -0.262724 -9.861234 -0.748592 -0.568268 0.341587 99.012611 0.092209 0.420955 0.902383 15.242846 0.000000 0.000000 0.000000 1.000000
-0.150590 0.949154 0.276460 30.264938 -0.873056 -0.258877 0.413226 100.476875 0.463784 -0.179137 0.867649 83.423180 0.000000 0.000000 0.000000 1.000000</float_array>
          <technique_common>
            <accessor source="#MiddleFinger2_L-Matrix-animation-output-transform-array" count="11" stride="16">
              <param type="float4x4"/>
            </accessor>
          </technique_common>
        </source>
        <source id="MiddleFinger2_L-Interpolations">
          <Name_array id="MiddleFinger2_L-Interpolations-array" count="11">
 LINEAR LINEAR LINEAR LINEAR LINEAR LINEAR LINEAR LINEAR LINEAR LINEAR LINEAR</Name_array>
          <technique_common>
            <accessor source="#MiddleFinger2_L-Interpolations-array" count="11">
              <param type="name"/>
            </accessor>
          </technique_common>
        </source>
        <sampler id="MiddleFinger2_L-Matrix-animation-transform">
          <input semantic="INPUT" source="#MiddleFinger2_L-Matrix-animation-input"/>
          <input semantic="OUTPUT" source="#MiddleFinger2_L-Matrix-animation-output-transform"/>
          <input semantic="INTERPOLATION" source="#MiddleFinger2_L-Interpolations"/>
        </sampler>
        <channel source="#MiddleFinger2_L-Matrix-animation-transform" target="MiddleFinger2_L/matrix"/>
      </animation>
    </animation>
    <animation id="ThumbFinger1_L-anim" name="ThumbFinger1_L">
      <animation>
        <source id="ThumbFinger1_L-Matrix-animation-input">
          <float_array id="ThumbFinger1_L-Matrix-animation-input-array" count="11">

0.000000 0.033333 0.066667 0.100000 0.133333 0.166667 0.200000 0.233333 0.266667 0.300000 0.333333</float_array>
          <technique_common>
            <accessor source="#ThumbFinger1_L-Matrix-animation-input-array" count="11">
              <param name="TIME" type="float"/>
            </accessor>
          </technique_common>
        </source>
        <source id="ThumbFinger1_L-Matrix-animation-output-transform">
          <float_array id="ThumbFinger1_L-Matrix-animation-output-transform-array" count="176">

-0.591657 0.297463 0.749305 25.205616 0.800193 0.329836 0.500899 109.037857 -0.098149 0.895949 -0.433177 69.797981 0.000000 0.000000 0.000000 1.000000
-0.957676 -0.183627 0.221673 34.519634 -0.127204 0.960797 0.246348 165.343292 -0.258219 0.207723 -0.943490 34.278328 0.000000 0.000000 0.000000 1.000000
-0.923138 -0.055518 0.380437 0.405073 -0.029448 0.996823 0.074012 155.211380 -0.383337 0.057121 -0.921840 -19.486389 0.000000 0.000000 0.000000 1.000000
-0.130262 0.824153 -0.551185 68.233650 0.712188 0.464546 0.526295 87.618652 0.689797 -0.323991 -0.647464 -60.242306 0.000000 0.000000 0.000000 1.000000
0.348737 0.611785 -0.710001 73.105003 0.805591 0.191477 0.560678 75.156609 0.478963 -0.767500 -0.426073 -61.187515 0.000000 0.000000 0.000000 1.000000
0.347079 0.615563 -0.707544 73.904373 0.811474 0.181100 0.555619 75.265343 0.470154 -0.766997 -0.436658 -55.672043 0.000000 0.000000 0.000000 1.000000
0.288751 0.604676 -0.742287 75.636040 0.840056 0.211903 0.499402 79.435089 0.459269 -0.767766 -0.446775 -55.113373 0.000000 0.000000 0.000000 1.000000
0.202331 0.629062 -0.750562 76.437820 0.878815 0.221565 0.422603 84.253082 0.432142 -0.745111 -0.507999 -52.430744 0.000000 0.000000 0.000000 1.000000
0.129123 0.734502 -0.666208 74.456123 0.924633 0.153573 0.348526 86.393562 0.358306 -0.661000 -0.659314 -43.029144 0.000000 0.000000 0.000000 1.000000
-0.122505 -0.290217 0.949087 -1.997354 0.945192 0.257514 0.200746 108.061562 -0.302663 0.921662 0.242764 3.376546 0.000000 0.000000 0.000000 1.000000
-0.591657 0.297463 0.749305 25.205616 0.800193 0.329836 0.500899 109.037857 -0.098149 0.895949 -0.433177 69.797981 0.000000 0.000000 0.000000 1.000000</float_array>
          <technique_common>
            <accessor source="#ThumbFinger1_L-Matrix-animation-output-transform-array" count="11" stride="16">
              <param type="float4x4"/>
            </accessor>
          </technique_common>
        </source>
        <source id="ThumbFinger1_L-Interpolations">
          <Name_array id="ThumbFinger1_L-Interpolations-array" count="11">
 LINEAR LINEAR LINEAR LINEAR LINEAR LINEAR LINEAR LINEAR LINEAR LINEAR LINEAR</Name_array>
          <technique_common>
            <accessor source="#ThumbFinger1_L-Interpolations-array" count="11">
              <param type="name"/>
            </accessor>
          </technique_common>
        </source>
        <sampler id="ThumbFinger1_L-Matrix-animation-transform">
          <input semantic="INPUT" source="#ThumbFinger1_L-Matrix-animation-input"/>
          <input semantic="OUTPUT" source="#ThumbFinger1_L-Matrix-animation-output-transform"/>
          <input semantic="INTERPOLATION" source="#ThumbFinger1_L-Interpolations"/>
        </sampler>
        <channel source="#ThumbFinger1_L-Matrix-animation-transform" target="ThumbFinger1_L/matrix"/>
      </animation>
    </animation>
    <animation id="ThumbFinger2_L-anim" name="ThumbFinger2_L">
      <animation>
        <source id="ThumbFinger2_L-Matrix-animation-input">
          <float_array id="ThumbFinger2_L-Matrix-animation-input-array" count="11">

0.000000 0.033333 0.066667 0.100000 0.133333 0.166667 0.200000 0.233333 0.266667 0.300000 0.333333</float_array>
          <technique_common>
            <accessor source="#ThumbFinger2_L-Matrix-animation-input-array" count="11">
              <param name="TIME" type="float"/>
            </accessor>
          </technique_common>
        </source>
        <source id="ThumbFinger2_L-Matrix-animation-output-transform">
          <float_array id="ThumbFinger2_L-Matrix-animation-output-transform-array" count="176">

-0.591657 0.297463 0.749305 19.950514 0.800193 0.329836 0.500899 105.524895 -0.098149 0.895949 -0.433177 72.835983 0.000000 0.000000 0.000000 1.000000
-0.957676 -0.183627 0.221673 32.964973 -0.127204 0.960797 0.246348 163.615585 -0.258219 0.207723 -0.943490 40.895313 0.000000 0.000000 0.000000 1.000000
-0.923138 -0.055518 0.380437 -2.263041 -0.029448 0.996823 0.074012 154.692307 -0.383337 0.057121 -0.921840 -13.021243 0.000000 0.000000 0.000000 1.000000
-0.130262 0.824153 -0.551185 72.099274 0.712188 0.464546 0.526295 83.927589 0.689797 -0.323991 -0.647464 -55.701443 0.000000 0.000000 0.000000 1.000000
0.348737 0.611785 -0.710001 78.084457 0.805591 0.191477 0.560678 71.224403 0.478963 -0.767500 -0.426073 -58.199333 0.000000 0.000000 0.000000 1.000000
0.347079 0.615563 -0.707544 78.866592 0.811474 0.181100 0.555619 71.368614 0.470154 -0.766997 -0.436658 -52.609638 0.000000 0.000000 0.000000 1.000000
0.288751 0.604676 -0.742287 80.841927 0.840056 0.211903 0.499402 75.932625 0.459269 -0.767766 -0.446775 -51.980007 0.000000 0.000000 0.000000 1.000000
0.202331 0.629062 -0.750562 81.701752 0.878815 0.221565 0.422603 81.289238 0.432142 -0.745111 -0.507999 -48.867989 0.000000 0.000000 0.000000 1.000000
0.129123 0.734502 -0.666208 79.128433 0.924633 0.153573 0.348526 83.949249 0.358306 -0.661000 -0.659314 -38.405167 0.000000 0.000000 0.000000 1.000000
-0.122505 -0.290217 0.949087 -8.653593 0.945192 0.257514 0.200746 106.653671 -0.302663 0.921662 0.242764 1.673968 0.000000 0.000000 0.000000 1.000000
-0.591657 0.297463 0.749305 19.950514 0.800193 0.329836 0.500899 105.524895 -0.098149 0.895949 -0.433177 72.835983 0.000000 0.000000 0.000000 1.000000</float_array>
          <technique_common>
            <accessor source="#ThumbFinger2_L-Matrix-animation-output-transform-array" count="11" stride="16">
              <param type="float4x4"/>
            </accessor>
          </technique_common>
        </source>
        <source id="ThumbFinger2_L-Interpolations">
          <Name_array id="ThumbFinger2_L-Interpolations-array" count="11">
 LINEAR LINEAR LINEAR LINEAR LINEAR LINEAR LINEAR LINEAR LINEAR LINEAR LINEAR</Name_array>
          <technique_common>
            <accessor source="#ThumbFinger2_L-Interpolations-array" count="11">
              <param type="name"/>
            </accessor>
          </technique_common>
        </source>
        <sampler id="ThumbFinger2_L-Matrix-animation-transform">
          <input semantic="INPUT" source="#ThumbFinger2_L-Matrix-animation-input"/>
          <input semantic="OUTPUT" source="#ThumbFinger2_L-Matrix-animation-output-transform"/>
          <input semantic="INTERPOLATION" source="#ThumbFinger2_L-Interpolations"/>
        </sampler>
        <channel source="#ThumbFinger2_L-Matrix-animation-transform" target="ThumbFinger2_L/matrix"/>
      </animation>
    </animation>
    <animation id="IndexFinger1_L-anim" name="IndexFinger1_L">
      <animation>
        <source id="IndexFinger1_L-Matrix-animation-input">
          <float_array id="IndexFinger1_L-Matrix-animation-input-array" count="11">

0.000000 0.033333 0.066667 0.100000 0.133333 0.166667 0.200000 0.233333 0.266667 0.300000 0.333333</float_array>
          <technique_common>
            <accessor source="#IndexFinger1_L-Matrix-animation-input-array" count="11">
              <param name="TIME" type="float"/>
            </accessor>
          </technique_common>
        </source>
        <source id="IndexFinger1_L-Matrix-animation-output-transform">
          <float_array id="IndexFinger1_L-Matrix-animation-output-transform-array" count="176">

0.138548 0.950344 0.278659 27.049540 0.345981 -0.310090 0.885518 110.030556 0.927956 -0.026276 -0.371763 81.929558 0.000000 0.000000 0.000000 1.000000
-0.308274 0.870779 -0.383028 33.038845 0.904088 0.393443 0.166817 175.985535 0.295960 -0.294865 -0.908550 40.287556 0.000000 0.000000 0.000000 1.000000
-0.198102 0.953178 -0.228487 -0.158432 0.971299 0.222212 0.084868 166.713165 0.131667 -0.205117 -0.969841 -15.133025 0.000000 0.000000 0.000000 1.000000
0.868512 -0.078643 -0.489389 79.968147 0.466597 -0.203436 0.860756 90.238701 -0.167252 -0.975925 -0.139992 -62.887608 0.000000 0.000000 0.000000 1.000000
0.728512 -0.589140 -0.349549 82.168976 0.202555 -0.302192 0.931478 74.314400 -0.654402 -0.749395 -0.100817 -69.475815 0.000000 0.000000 0.000000 1.000000
0.731761 -0.585812 -0.348353 83.006889 0.193558 -0.311447 0.930342 74.309593 -0.653499 -0.748214 -0.114516 -63.905602 0.000000 0.000000 0.000000 1.000000
0.719302 -0.560141 -0.410910 84.814735 0.233937 -0.361643 0.902489 78.988411 -0.654124 -0.745290 -0.129093 -63.305603 0.000000 0.000000 0.000000 1.000000
0.735427 -0.491203 -0.466762 86.059418 0.257085 -0.435072 0.862914 84.121536 -0.626941 -0.754608 -0.193683 -60.109825 0.000000 0.000000 0.000000 1.000000
0.821337 -0.367596 -0.436209 85.140213 0.204000 -0.524839 0.826395 85.645401 -0.532719 -0.767736 -0.356080 -49.099644 0.000000 0.000000 0.000000 1.000000
-0.417579 0.592666 0.688749 -8.428133 0.327144 -0.609104 0.722474 109.002548 0.847706 0.527010 0.060462 13.832180 0.000000 0.000000 0.000000 1.000000
0.138548 0.950344 0.278659 27.049540 0.345981 -0.310090 0.885518 110.030556 0.927956 -0.026276 -0.371763 81.929558 0.000000 0.000000 0.000000 1.000000</float_array>
          <technique_common>
            <accessor source="#IndexFinger1_L-Matrix-animation-output-transform-array" count="11" stride="16">
              <param type="float4x4"/>
            </accessor>
          </technique_common>
        </source>
        <source id="IndexFinger1_L-Interpolations">
          <Name_array id="IndexFinger1_L-Interpolations-array" count="11">
 LINEAR LINEAR LINEAR LINEAR LINEAR LINEAR LINEAR LINEAR LINEAR LINEAR LINEAR</Name_array>
          <technique_common>
            <accessor source="#IndexFinger1_L-Interpolations-array" count="11">
              <param type="name"/>
            </accessor>
          </technique_common>
        </source>
        <sampler id="IndexFinger1_L-Matrix-animation-transform">
          <input semantic="INPUT" source="#IndexFinger1_L-Matrix-animation-input"/>
          <input semantic="OUTPUT" source="#IndexFinger1_L-Matrix-animation-output-transform"/>
          <input semantic="INTERPOLATION" source="#IndexFinger1_L-Interpolations"/>
        </sampler>
        <channel source="#IndexFinger1_L-Matrix-animation-transform" target="IndexFinger1_L/matrix"/>
      </animation>
    </animation>
    <animation id="IndexFinger2_L-anim" name="IndexFinger2_L">
      <animation>
        <source id="IndexFinger2_L-Matrix-animation-input">
          <float_array id="IndexFinger2_L-Matrix-animation-input-array" count="11">

0.000000 0.033333 0.066667 0.100000 0.133333 0.166667 0.200000 0.233333 0.266667 0.300000 0.333333</float_array>
          <technique_common>
            <accessor source="#IndexFinger2_L-Matrix-animation-input-array" count="11">
              <param name="TIME" type="float"/>
            </accessor>
          </technique_common>
        </source>
        <source id="IndexFinger2_L-Matrix-animation-output-transform">
          <float_array id="IndexFinger2_L-Matrix-animation-output-transform-array" count="176">

-0.172508 0.950181 0.259609 25.069901 -0.593743 -0.310604 0.742290 103.739708 0.785946 -0.026090 0.617745 84.570618 0.000000 0.000000 0.000000 1.000000
0.177160 0.871007 -0.458215 35.759937 0.307386 0.393320 0.866494 174.800430 0.934949 -0.294357 -0.198055 46.742027 0.000000 0.000000 0.000000 1.000000
0.098369 0.953313 -0.285510 1.464778 0.412044 0.222135 0.883671 166.110260 0.905838 -0.204569 -0.370956 -8.243126 0.000000 0.000000 0.000000 1.000000
0.858116 -0.078389 0.507436 83.444839 -0.512041 -0.203940 0.834399 84.123756 0.038079 -0.975840 -0.215143 -61.893078 0.000000 0.000000 0.000000 1.000000
0.667256 -0.588961 0.455955 84.652222 -0.705263 -0.302729 0.641062 67.697037 -0.239530 -0.749320 -0.617370 -68.759575 0.000000 0.000000 0.000000 1.000000
0.667844 -0.585634 0.459367 85.481651 -0.708772 -0.311983 0.632700 67.700294 -0.227216 -0.748131 -0.623437 -63.092060 0.000000 0.000000 0.000000 1.000000
0.715779 -0.559926 0.417305 87.733917 -0.664437 -0.362165 0.653728 72.576988 -0.214906 -0.745197 -0.631266 -62.388504 0.000000 0.000000 0.000000 1.000000
0.772175 -0.490958 0.403367 89.375359 -0.618555 -0.435571 0.653963 77.991264 -0.145373 -0.754479 -0.640022 -58.733864 0.000000 0.000000 0.000000 1.000000
0.788612 -0.367371 0.493082 88.239098 -0.613429 -0.525314 0.589703 79.774567 0.042383 -0.767517 -0.639625 -46.570000 0.000000 0.000000 0.000000 1.000000
-0.805548 0.592285 -0.017077 -13.321114 -0.461818 -0.609525 0.644363 103.869980 0.371238 0.526952 0.764529 13.402651 0.000000 0.000000 0.000000 1.000000
-0.172508 0.950181 0.259609 25.069901 -0.593743 -0.310604 0.742290 103.739708 0.785946 -0.026090 0.617745 84.570618 0.000000 0.000000 0.000000 1.000000</float_array>
          <technique_common>
            <accessor source="#IndexFinger2_L-Matrix-animation-output-transform-array" count="11" stride="16">
              <param type="float4x4"/>
            </accessor>
          </technique_common>
        </source>
        <source id="IndexFinger2_L-Interpolations">
          <Name_array id="IndexFinger2_L-Interpolations-array" count="11">
 LINEAR LINEAR LINEAR LINEAR LINEAR LINEAR LINEAR LINEAR LINEAR LINEAR LINEAR</Name_array>
          <technique_common>
            <accessor source="#IndexFinger2_L-Interpolations-array" count="11">
              <param type="name"/>
            </accessor>
          </technique_common>
        </source>
        <sampler id="IndexFinger2_L-Matrix-animation-transform">
          <input semantic="INPUT" source="#IndexFinger2_L-Matrix-animation-input"/>
          <input semantic="OUTPUT" source="#IndexFinger2_L-Matrix-animation-output-transform"/>
          <input semantic="INTERPOLATION" source="#IndexFinger2_L-Interpolations"/>
        </sampler>
        <channel source="#IndexFinger2_L-Matrix-animation-transform" target="IndexFinger2_L/matrix"/>
      </animation>
    </animation>
    <animation id="RingFinger1_L-anim" name="RingFinger1_L">
      <animation>
        <source id="RingFinger1_L-Matrix-animation-input">
          <float_array id="RingFinger1_L-Matrix-animation-input-array" count="11">

0.000000 0.033333 0.066667 0.100000 0.133333 0.166667 0.200000 0.233333 0.266667 0.300000 0.333333</float_array>
          <technique_common>
            <accessor source="#RingFinger1_L-Matrix-animation-input-array" count="11">
              <param name="TIME" type="float"/>
            </accessor>
          </technique_common>
        </source>
        <source id="RingFinger1_L-Matrix-animation-output-transform">
          <float_array id="RingFinger1_L-Matrix-animation-output-transform-array" count="176">

0.173449 0.968058 0.181048 41.072460 -0.091682 -0.167164 0.981657 106.710342 0.980566 -0.186866 0.059759 81.627747 0.000000 0.000000 0.000000 1.000000
0.019932 0.807223 -0.589910 44.974766 0.815309 0.328383 0.476903 182.281845 0.578684 -0.490464 -0.651591 35.223255 0.000000 0.000000 0.000000 1.000000
0.071722 0.906554 -0.415952 13.184571 0.879831 0.138940 0.454524 170.495972 0.469842 -0.398567 -0.787650 -19.058796 0.000000 0.000000 0.000000 1.000000
0.964906 -0.254733 -0.063775 78.756577 0.044847 -0.079440 0.995830 88.485741 -0.258737 -0.963743 -0.065228 -77.143005 0.000000 0.000000 0.000000 1.000000
0.697513 -0.713019 0.071273 73.703590 -0.238027 -0.136732 0.961586 71.083534 -0.675883 -0.687684 -0.265090 -80.685455 0.000000 0.000000 0.000000 1.000000
0.700527 -0.709855 0.073263 74.592278 -0.247242 -0.145116 0.958025 70.939926 -0.669427 -0.689237 -0.277164 -75.112595 0.000000 0.000000 0.000000 1.000000
0.718446 -0.695531 0.008445 76.694923 -0.208150 -0.203392 0.956716 74.888397 -0.663708 -0.689106 -0.290901 -74.486649 0.000000 0.000000 0.000000 1.000000
0.766737 -0.640443 -0.044137 78.877815 -0.183840 -0.284925 0.940756 78.935974 -0.615077 -0.713198 -0.336201 -71.480476 0.000000 0.000000 0.000000 1.000000
0.852809 -0.522215 0.002828 79.811256 -0.232259 -0.374431 0.897696 79.103714 -0.467731 -0.766220 -0.440607 -60.785770 0.000000 0.000000 0.000000 1.000000
-0.551184 0.751121 0.363336 0.613965 -0.093970 -0.488565 0.867452 101.201553 0.829076 0.443983 0.339872 21.903250 0.000000 0.000000 0.000000 1.000000
0.173449 0.968058 0.181048 41.072460 -0.091682 -0.167164 0.981657 106.710342 0.980566 -0.186866 0.059759 81.627747 0.000000 0.000000 0.000000 1.000000</float_array>
          <technique_common>
            <accessor source="#RingFinger1_L-Matrix-animation-output-transform-array" count="11" stride="16">
              <param type="float4x4"/>
            </accessor>
          </technique_common>
        </source>
        <source id="RingFinger1_L-Interpolations">
          <Name_array id="RingFinger1_L-Interpolations-array" count="11">
 LINEAR LINEAR LINEAR LINEAR LINEAR LINEAR LINEAR LINEAR LINEAR LINEAR LINEAR</Name_array>
          <technique_common>
            <accessor source="#RingFinger1_L-Interpolations-array" count="11">
              <param type="name"/>
            </accessor>
          </technique_common>
        </source>
        <sampler id="RingFinger1_L-Matrix-animation-transform">
          <input semantic="INPUT" source="#RingFinger1_L-Matrix-animation-input"/>
          <input semantic="OUTPUT" source="#RingFinger1_L-Matrix-animation-output-transform"/>
          <input semantic="INTERPOLATION" source="#RingFinger1_L-Interpolations"/>
        </sampler>
        <channel source="#RingFinger1_L-Matrix-animation-transform" target="RingFinger1_L/matrix"/>
      </animation>
    </animation>
    <animation id="RingFinger2_L-anim" name="RingFinger2_L">
      <animation>
        <source id="RingFinger2_L-Matrix-animation-input">
          <float_array id="RingFinger2_L-Matrix-animation-input-array" count="11">

0.000000 0.033333 0.066667 0.100000 0.133333 0.166667 0.200000 0.233333 0.266667 0.300000 0.333333</float_array>
          <technique_common>
            <accessor source="#RingFinger2_L-Matrix-animation-input-array" count="11">
              <param name="TIME" type="float"/>
            </accessor>
          </technique_common>
        </source>
        <source id="RingFinger2_L-Matrix-animation-output-transform">
          <float_array id="RingFinger2_L-Matrix-animation-output-transform-array" count="176">

-0.045799 0.968870 0.243299 39.611881 -0.844053 -0.167800 0.509331 98.790947 0.534300 -0.182030 0.825463 81.145653 0.000000 0.000000 0.000000 1.000000
0.484177 0.807423 -0.337107 49.733788 0.098881 0.332318 0.937969 178.434494 0.869366 -0.487477 0.081062 40.479874 0.000000 0.000000 0.000000 1.000000
0.374575 0.906975 -0.192585 16.540207 0.155766 0.143199 0.977360 166.829178 0.914020 -0.396092 -0.087637 -12.704532 0.000000 0.000000 0.000000 1.000000
0.624654 -0.249949 0.739819 79.271072 -0.774722 -0.079405 0.627296 80.452003 -0.098047 -0.964997 -0.243242 -76.616791 0.000000 0.000000 0.000000 1.000000
0.358704 -0.709577 0.606492 73.128616 -0.914826 -0.138089 0.379506 63.326065 -0.185539 -0.690965 -0.698672 -78.546860 0.000000 0.000000 0.000000 1.000000
0.358879 -0.706398 0.610088 74.001228 -0.917402 -0.146516 0.370008 63.211178 -0.171985 -0.692484 -0.700633 -72.876610 0.000000 0.000000 0.000000 1.000000
0.421642 -0.691974 0.585994 76.626801 -0.892973 -0.204599 0.400922 67.170212 -0.157534 -0.692323 -0.704182 -72.139839 0.000000 0.000000 0.000000 1.000000
0.492451 -0.636638 0.593451 79.233894 -0.865449 -0.286009 0.411335 71.346558 -0.092139 -0.716164 -0.691823 -68.768211 0.000000 0.000000 0.000000 1.000000
0.505354 -0.517995 0.690144 79.788429 -0.859243 -0.375743 0.347158 71.861656 0.079491 -0.768439 -0.634966 -57.231228 0.000000 0.000000 0.000000 1.000000
-0.621827 0.748320 -0.230974 -2.317209 -0.752493 -0.489187 0.440965 94.203491 0.216994 0.448010 0.867295 19.161375 0.000000 0.000000 0.000000 1.000000
-0.045799 0.968870 0.243299 39.611881 -0.844053 -0.167800 0.509331 98.790947 0.534300 -0.182030 0.825463 81.145653 0.000000 0.000000 0.000000 1.000000</float_array>
          <technique_common>
            <accessor source="#RingFinger2_L-Matrix-animation-output-transform-array" count="11" stride="16">
              <param type="float4x4"/>
            </accessor>
          </technique_common>
        </source>
        <source id="RingFinger2_L-Interpolations">
          <Name_array id="RingFinger2_L-Interpolations-array" count="11">
 LINEAR LINEAR LINEAR LINEAR LINEAR LINEAR LINEAR LINEAR LINEAR LINEAR LINEAR</Name_array>
          <technique_common>
            <accessor source="#RingFinger2_L-Interpolations-array" count="11">
              <param type="name"/>
            </accessor>
          </technique_common>
        </source>
        <sampler id="RingFinger2_L-Matrix-animation-transform">
          <input semantic="INPUT" source="#RingFinger2_L-Matrix-animation-input"/>
          <input semantic="OUTPUT" source="#RingFinger2_L-Matrix-animation-output-transform"/>
          <input semantic="INTERPOLATION" source="#RingFinger2_L-Interpolations"/>
        </sampler>
        <channel source="#RingFinger2_L-Matrix-animation-transform" target="RingFinger2_L/matrix"/>
      </animation>
    </animation>
    <animation id="Belt_joint_R-anim" name="Belt_joint_R">
      <animation>
        <source id="Belt_joint_R-Matrix-animation-input">
          <float_array id="Belt_joint_R-Matrix-animation-input-array" count="11">

0.000000 0.033333 0.066667 0.100000 0.133333 0.166667 0.200000 0.233333 0.266667 0.300000 0.333333</float_array>
          <technique_common>
            <accessor source="#Belt_joint_R-Matrix-animation-input-array" count="11">
              <param name="TIME" type="float"/>
            </accessor>
          </technique_common>
        </source>
        <source id="Belt_joint_R-Matrix-animation-output-transform">
          <float_array id="Belt_joint_R-Matrix-animation-output-transform-array" count="176">

-0.958642 0.225975 0.173035 -13.850531 0.085522 0.808572 -0.582149 108.431923 -0.271462 -0.543274 -0.794457 -16.016512 0.000000 0.000000 0.000000 1.000000
-0.880492 0.139795 0.452981 4.153785 -0.235160 0.700882 -0.673398 92.990540 -0.411624 -0.699444 -0.584247 -39.943966 0.000000 0.000000 0.000000 1.000000
-0.465177 0.258496 0.846634 -4.524233 -0.724045 0.439138 -0.531899 66.068298 -0.509283 -0.860429 -0.017114 -76.499649 0.000000 0.000000 0.000000 1.000000
-0.609609 -0.094266 0.787077 -4.320464 -0.662983 0.604924 -0.441045 58.443256 -0.434546 -0.790684 -0.431264 -87.939545 0.000000 0.000000 0.000000 1.000000
-0.776253 -0.323961 0.540816 -4.106906 -0.546004 0.774317 -0.319866 62.571995 -0.315139 -0.543585 -0.777948 -81.404381 0.000000 0.000000 0.000000 1.000000
-0.832150 -0.324020 0.450043 -4.087068 -0.514334 0.754375 -0.407897 63.245026 -0.207334 -0.570903 -0.794408 -78.105400 0.000000 0.000000 0.000000 1.000000
-0.854531 -0.360319 0.374094 -4.105761 -0.515403 0.677428 -0.524834 63.093769 -0.064314 -0.641296 -0.764593 -78.956879 0.000000 0.000000 0.000000 1.000000
-0.857964 -0.398956 0.323622 -4.161867 -0.510203 0.588271 -0.627400 62.828072 0.059928 -0.703399 -0.708264 -80.530327 0.000000 0.000000 0.000000 1.000000
-0.863042 -0.412953 0.290909 -4.255458 -0.491171 0.551585 -0.674170 62.771877 0.117939 -0.724723 -0.678871 -81.342377 0.000000 0.000000 0.000000 1.000000
-0.947146 -0.320750 0.005894 -1.773626 -0.279909 0.817291 -0.503673 87.863411 0.156736 -0.478702 -0.863874 -49.717087 0.000000 0.000000 0.000000 1.000000
-0.958642 0.225975 0.173035 -13.850531 0.085522 0.808572 -0.582149 108.431923 -0.271462 -0.543274 -0.794457 -16.016512 0.000000 0.000000 0.000000 1.000000</float_array>
          <technique_common>
            <accessor source="#Belt_joint_R-Matrix-animation-output-transform-array" count="11" stride="16">
              <param type="float4x4"/>
            </accessor>
          </technique_common>
        </source>
        <source id="Belt_joint_R-Interpolations">
          <Name_array id="Belt_joint_R-Interpolations-array" count="11">
 LINEAR LINEAR LINEAR LINEAR LINEAR LINEAR LINEAR LINEAR LINEAR LINEAR LINEAR</Name_array>
          <technique_common>
            <accessor source="#Belt_joint_R-Interpolations-array" count="11">
              <param type="name"/>
            </accessor>
          </technique_common>
        </source>
        <sampler id="Belt_joint_R-Matrix-animation-transform">
          <input semantic="INPUT" source="#Belt_joint_R-Matrix-animation-input"/>
          <input semantic="OUTPUT" source="#Belt_joint_R-Matrix-animation-output-transform"/>
          <input semantic="INTERPOLATION" source="#Belt_joint_R-Interpolations"/>
        </sampler>
        <channel source="#Belt_joint_R-Matrix-animation-transform" target="Belt_joint_R/matrix"/>
      </animation>
    </animation>
    <animation id="Belt_joint_2_R-anim" name="Belt_joint_2_R">
      <animation>
        <source id="Belt_joint_2_R-Matrix-animation-input">
          <float_array id="Belt_joint_2_R-Matrix-animation-input-array" count="11">

0.000000 0.033333 0.066667 0.100000 0.133333 0.166667 0.200000 0.233333 0.266667 0.300000 0.333333</float_array>
          <technique_common>
            <accessor source="#Belt_joint_2_R-Matrix-animation-input-array" count="11">
              <param name="TIME" type="float"/>
            </accessor>
          </technique_common>
        </source>
        <source id="Belt_joint_2_R-Matrix-animation-output-transform">
          <float_array id="Belt_joint_2_R-Matrix-animation-output-transform-array" count="176">

-0.955364 0.290274 0.054959 -7.309766 0.153318 0.646163 -0.747641 86.426453 -0.252533 -0.705843 -0.661825 -46.047314 0.000000 0.000000 0.000000 1.000000
-0.874664 0.157295 0.458498 21.276636 -0.342470 0.468868 -0.814172 67.536057 -0.343040 -0.869149 -0.356233 -62.028679 0.000000 0.000000 0.000000 1.000000
-0.417150 0.343287 0.841511 27.478796 -0.890139 0.032536 -0.454528 45.962452 -0.183413 -0.938667 0.292000 -77.146553 0.000000 0.000000 0.000000 1.000000
-0.553394 -0.411108 0.724393 25.431381 -0.829378 0.352098 -0.433773 41.771557 -0.076730 -0.840843 -0.535813 -104.241493 0.000000 0.000000 0.000000 1.000000
-0.667405 -0.743454 0.042987 16.336166 -0.737461 0.651794 -0.176962 50.480938 0.103544 -0.149807 -0.983279 -110.811142 0.000000 0.000000 0.000000 1.000000
-0.622771 -0.778871 -0.074280 12.924734 -0.724097 0.609720 -0.322375 47.826431 0.296378 -0.146979 -0.943694 -108.134346 0.000000 0.000000 0.000000 1.000000
-0.491683 -0.859008 -0.142664 10.035143 -0.690091 0.484313 -0.537787 43.254814 0.531057 -0.165970 -0.830923 -107.858826 0.000000 0.000000 0.000000 1.000000
-0.349083 -0.928135 -0.129254 8.071211 -0.612953 0.330485 -0.717683 39.112091 0.708824 -0.171304 -0.684269 -107.303001 0.000000 0.000000 0.000000 1.000000
-0.286277 -0.956581 -0.054767 6.741014 -0.562376 0.214031 -0.798702 37.287971 0.775744 -0.197850 -0.599229 -107.004005 0.000000 0.000000 0.000000 1.000000
-0.726803 -0.679689 -0.098894 -1.550835 -0.511367 0.631601 -0.582738 68.824348 0.458542 -0.372965 -0.806620 -82.371887 0.000000 0.000000 0.000000 1.000000
-0.955364 0.290274 0.054959 -7.309766 0.153318 0.646163 -0.747641 86.426453 -0.252533 -0.705843 -0.661825 -46.047314 0.000000 0.000000 0.000000 1.000000</float_array>
          <technique_common>
            <accessor source="#Belt_joint_2_R-Matrix-animation-output-transform-array" count="11" stride="16">
              <param type="float4x4"/>
            </accessor>
          </technique_common>
        </source>
        <source id="Belt_joint_2_R-Interpolations">
          <Name_array id="Belt_joint_2_R-Interpolations-array" count="11">
 LINEAR LINEAR LINEAR LINEAR LINEAR LINEAR LINEAR LINEAR LINEAR LINEAR LINEAR</Name_array>
          <technique_common>
            <accessor source="#Belt_joint_2_R-Interpolations-array" count="11">
              <param type="name"/>
            </accessor>
          </technique_common>
        </source>
        <sampler id="Belt_joint_2_R-Matrix-animation-transform">
          <input semantic="INPUT" source="#Belt_joint_2_R-Matrix-animation-input"/>
          <input semantic="OUTPUT" source="#Belt_joint_2_R-Matrix-animation-output-transform"/>
          <input semantic="INTERPOLATION" source="#Belt_joint_2_R-Interpolations"/>
        </sampler>
        <channel source="#Belt_joint_2_R-Matrix-animation-transform" target="Belt_joint_2_R/matrix"/>
      </animation>
    </animation>
    <animation id="Belt_joint_3_R-anim" name="Belt_joint_3_R">
      <animation>
        <source id="Belt_joint_3_R-Matrix-animation-input">
          <float_array id="Belt_joint_3_R-Matrix-animation-input-array" count="11">

0.000000 0.033333 0.066667 0.100000 0.133333 0.166667 0.200000 0.233333 0.266667 0.300000 0.333333</float_array>
          <technique_common>
            <accessor source="#Belt_joint_3_R-Matrix-animation-input-array" count="11">
              <param name="TIME" type="float"/>
            </accessor>
          </technique_common>
        </source>
        <source id="Belt_joint_3_R-Matrix-animation-output-transform">
          <float_array id="Belt_joint_3_R-Matrix-animation-output-transform-array" count="176">

-0.803376 0.529505 0.272418 -5.388886 -0.085522 0.350140 -0.932785 60.295536 -0.589299 -0.772675 -0.236010 -69.178879 0.000000 0.000000 0.000000 1.000000
-0.578123 0.413510 0.703409 37.301651 -0.715776 0.156842 -0.680489 39.080051 -0.391713 -0.896889 0.205307 -74.479416 0.000000 0.000000 0.000000 1.000000
-0.014044 0.691822 0.721932 56.890385 -0.964692 -0.199288 0.172209 30.076382 0.263011 -0.694023 0.670192 -66.940765 0.000000 0.000000 0.000000 1.000000
-0.113564 -0.428212 0.896514 50.749771 -0.993529 0.050594 -0.101687 26.610682 -0.001815 -0.902261 -0.431187 -122.968773 0.000000 0.000000 0.000000 1.000000
-0.382933 -0.916635 -0.114637 17.838621 -0.922928 0.374311 0.089967 44.295898 -0.039557 0.140253 -0.989325 -145.177856 0.000000 0.000000 0.000000 1.000000
-0.306080 -0.920733 -0.242004 10.328571 -0.943242 0.327714 -0.053843 36.559059 0.128883 0.211788 -0.968780 -141.117523 0.000000 0.000000 0.000000 1.000000
-0.072383 -0.936202 -0.343928 5.048896 -0.944294 0.175325 -0.278515 24.458538 0.321046 0.304609 -0.896740 -136.900543 0.000000 0.000000 0.000000 1.000000
0.177315 -0.915841 -0.360269 3.553591 -0.879573 0.016744 -0.475469 14.028243 0.441485 0.401191 -0.802581 -131.219009 0.000000 0.000000 0.000000 1.000000
0.301971 -0.915273 -0.266624 4.826808 -0.822842 -0.109009 -0.557718 9.372405 0.481401 0.387803 -0.786042 -127.947754 0.000000 0.000000 0.000000 1.000000
-0.531300 -0.817008 0.224094 -5.007287 -0.827861 0.444517 -0.342126 48.456970 0.179906 -0.367290 -0.912541 -110.564201 0.000000 0.000000 0.000000 1.000000
-0.803376 0.529505 0.272418 -5.388886 -0.085522 0.350140 -0.932785 60.295536 -0.589299 -0.772675 -0.236010 -69.178879 0.000000 0.000000 0.000000 1.000000</float_array>
          <technique_common>
            <accessor source="#Belt_joint_3_R-Matrix-animation-output-transform-array" count="11" stride="16">
              <param type="float4x4"/>
            </accessor>
          </technique_common>
        </source>
        <source id="Belt_joint_3_R-Interpolations">
          <Name_array id="Belt_joint_3_R-Interpolations-array" count="11">
 LINEAR LINEAR LINEAR LINEAR LINEAR LINEAR LINEAR LINEAR LINEAR LINEAR LINEAR</Name_array>
          <technique_common>
            <accessor source="#Belt_joint_3_R-Interpolations-array" count="11">
              <param type="name"/>
            </accessor>
          </technique_common>
        </source>
        <sampler id="Belt_joint_3_R-Matrix-animation-transform">
          <input semantic="INPUT" source="#Belt_joint_3_R-Matrix-animation-input"/>
          <input semantic="OUTPUT" source="#Belt_joint_3_R-Matrix-animation-output-transform"/>
          <input semantic="INTERPOLATION" source="#Belt_joint_3_R-Interpolations"/>
        </sampler>
        <channel source="#Belt_joint_3_R-Matrix-animation-transform" target="Belt_joint_3_R/matrix"/>
      </animation>
    </animation>
    <animation id="Hip_R-anim" name="Hip_R">
      <animation>
        <source id="Hip_R-Matrix-animation-input">
          <float_array id="Hip_R-Matrix-animation-input-array" count="11">

0.000000 0.033333 0.066667 0.100000 0.133333 0.166667 0.200000 0.233333 0.266667 0.300000 0.333333</float_array>
          <technique_common>
            <accessor source="#Hip_R-Matrix-animation-input-array" count="11">
              <param name="TIME" type="float"/>
            </accessor>
          </technique_common>
        </source>
        <source id="Hip_R-Matrix-animation-output-transform">
          <float_array id="Hip_R-Matrix-animation-output-transform-array" count="176">

0.214109 -0.863496 -0.456654 -15.147833 -0.559187 0.274963 -0.782117 86.234726 0.800917 0.422813 -0.423984 -5.978530 0.000000 0.000000 0.000000 1.000000
0.393689 -0.559344 -0.729481 2.273853 -0.691195 0.343041 -0.636060 72.258881 0.606017 0.754624 -0.251564 -27.223007 0.000000 0.000000 0.000000 1.000000
0.867568 -0.175970 -0.465147 -8.699038 -0.447821 0.130362 -0.884570 48.740326 0.216295 0.975725 0.034295 -59.842190 0.000000 0.000000 0.000000 1.000000
0.826744 -0.107439 -0.552224 -9.124881 -0.505373 0.289428 -0.812914 41.393291 0.247168 0.951151 0.184986 -71.165283 0.000000 0.000000 0.000000 1.000000
0.858630 -0.166780 -0.484705 -9.665556 -0.452472 0.197758 -0.869575 45.914543 0.240882 0.965959 0.094337 -64.469498 0.000000 0.000000 0.000000 1.000000
0.871555 -0.181239 -0.455570 -9.810591 -0.438486 0.127596 -0.889634 46.680019 0.219365 0.975126 0.031737 -61.134808 0.000000 0.000000 0.000000 1.000000
0.868727 -0.179504 -0.461618 -9.851896 -0.440571 0.145772 -0.885803 46.538548 0.226296 0.972897 0.047552 -61.984371 0.000000 0.000000 0.000000 1.000000
0.863423 -0.176187 -0.472714 -9.929233 -0.443870 0.179999 -0.877827 46.276588 0.239750 0.967759 0.077211 -63.561371 0.000000 0.000000 0.000000 1.000000
0.861832 -0.179656 -0.474310 -10.180086 -0.440347 0.198999 -0.875496 46.303242 0.251676 0.963391 0.092393 -64.347008 0.000000 0.000000 0.000000 1.000000
0.400681 -0.463197 -0.790508 -1.716110 -0.644581 0.470654 -0.602495 67.790993 0.651129 0.750955 -0.109986 -35.851513 0.000000 0.000000 0.000000 1.000000
0.214109 -0.863496 -0.456654 -15.147833 -0.559187 0.274963 -0.782117 86.234726 0.800917 0.422813 -0.423984 -5.978530 0.000000 0.000000 0.000000 1.000000</float_array>
          <technique_common>
            <accessor source="#Hip_R-Matrix-animation-output-transform-array" count="11" stride="16">
              <param type="float4x4"/>
            </accessor>
          </technique_common>
        </source>
        <source id="Hip_R-Interpolations">
          <Name_array id="Hip_R-Interpolations-array" count="11">
 LINEAR LINEAR LINEAR LINEAR LINEAR LINEAR LINEAR LINEAR LINEAR LINEAR LINEAR</Name_array>
          <technique_common>
            <accessor source="#Hip_R-Interpolations-array" count="11">
              <param type="name"/>
            </accessor>
          </technique_common>
        </source>
        <sampler id="Hip_R-Matrix-animation-transform">
          <input semantic="INPUT" source="#Hip_R-Matrix-animation-input"/>
          <input semantic="OUTPUT" source="#Hip_R-Matrix-animation-output-transform"/>
          <input semantic="INTERPOLATION" source="#Hip_R-Interpolations"/>
        </sampler>
        <channel source="#Hip_R-Matrix-animation-transform" target="Hip_R/matrix"/>
      </animation>
    </animation>
    <animation id="Knee_R-anim" name="Knee_R">
      <animation>
        <source id="Knee_R-Matrix-animation-input">
          <float_array id="Knee_R-Matrix-animation-input-array" count="11">

0.000000 0.033333 0.066667 0.100000 0.133333 0.166667 0.200000 0.233333 0.266667 0.300000 0.333333</float_array>
          <technique_common>
            <accessor source="#Knee_R-Matrix-animation-input-array" count="11">
              <param name="TIME" type="float"/>
            </accessor>
          </technique_common>
        </source>
        <source id="Knee_R-Matrix-animation-output-transform">
          <float_array id="Knee_R-Matrix-animation-output-transform-array" count="176">

0.214109 -0.855988 0.470577 -35.486607 -0.559187 -0.502410 -0.659466 51.400291 0.800917 -0.121943 -0.586227 -24.862223 0.000000 0.000000 0.000000 1.000000
0.393689 -0.837332 0.379321 -30.216158 -0.691195 -0.541683 -0.478360 43.929508 0.606017 -0.073860 -0.792014 -38.427269 0.000000 0.000000 0.000000 1.000000
0.867568 -0.300296 0.396420 -29.415884 -0.447821 -0.818404 0.360102 9.342760 0.216294 -0.489938 -0.844498 -58.314667 0.000000 0.000000 0.000000 1.000000
0.826744 -0.256387 0.500759 -33.720211 -0.505373 -0.729536 0.460842 5.187142 0.247168 -0.634068 -0.732711 -62.926220 0.000000 0.000000 0.000000 1.000000
0.858630 -0.261352 0.440965 -31.253700 -0.452472 -0.790688 0.412410 7.184771 0.240882 -0.553632 -0.797162 -60.267818 0.000000 0.000000 0.000000 1.000000
0.871555 -0.264203 0.413023 -30.101095 -0.438486 -0.796918 0.415515 7.056860 0.219365 -0.543249 -0.810407 -59.721291 0.000000 0.000000 0.000000 1.000000
0.868727 -0.261622 0.420556 -30.411789 -0.440571 -0.796135 0.414808 7.086007 0.226296 -0.545639 -0.806888 -59.866478 0.000000 0.000000 0.000000 1.000000
0.863423 -0.256492 0.434411 -30.983328 -0.443870 -0.795479 0.412544 7.179319 0.239750 -0.549022 -0.800684 -60.122463 0.000000 0.000000 0.000000 1.000000
0.861832 -0.248379 0.442215 -31.305243 -0.440347 -0.799063 0.409381 7.309761 0.251676 -0.547545 -0.798031 -60.231945 0.000000 0.000000 0.000000 1.000000
0.400681 -0.738759 0.541931 -36.924328 -0.644581 -0.647645 -0.406290 40.956638 0.651129 -0.186526 -0.735689 -40.750137 0.000000 0.000000 0.000000 1.000000
0.214109 -0.855988 0.470577 -35.486607 -0.559187 -0.502410 -0.659466 51.400291 0.800917 -0.121943 -0.586227 -24.862223 0.000000 0.000000 0.000000 1.000000</float_array>
          <technique_common>
            <accessor source="#Knee_R-Matrix-animation-output-transform-array" count="11" stride="16">
              <param type="float4x4"/>
            </accessor>
          </technique_common>
        </source>
        <source id="Knee_R-Interpolations">
          <Name_array id="Knee_R-Interpolations-array" count="11">
 LINEAR LINEAR LINEAR LINEAR LINEAR LINEAR LINEAR LINEAR LINEAR LINEAR LINEAR</Name_array>
          <technique_common>
            <accessor source="#Knee_R-Interpolations-array" count="11">
              <param type="name"/>
            </accessor>
          </technique_common>
        </source>
        <sampler id="Knee_R-Matrix-animation-transform">
          <input semantic="INPUT" source="#Knee_R-Matrix-animation-input"/>
          <input semantic="OUTPUT" source="#Knee_R-Matrix-animation-output-transform"/>
          <input semantic="INTERPOLATION" source="#Knee_R-Interpolations"/>
        </sampler>
        <channel source="#Knee_R-Matrix-animation-transform" target="Knee_R/matrix"/>
      </animation>
    </animation>
    <animation id="Ankle_R-anim" name="Ankle_R">
      <animation>
        <source id="Ankle_R-Matrix-animation-input">
          <float_array id="Ankle_R-Matrix-animation-input-array" count="11">

0.000000 0.033333 0.066667 0.100000 0.133333 0.166667 0.200000 0.233333 0.266667 0.300000 0.333333</float_array>
          <technique_common>
            <accessor source="#Ankle_R-Matrix-animation-input-array" count="11">
              <param name="TIME" type="float"/>
            </accessor>
          </technique_common>
        </source>
        <source id="Ankle_R-Matrix-animation-output-transform">
          <float_array id="Ankle_R-Matrix-animation-output-transform-array" count="176">

-0.154149 -0.988048 0.000000 -16.075142 -0.000000 -0.000000 -1.000000 24.197052 0.988048 -0.154149 0.000000 -49.044346 0.000000 0.000000 0.000000 1.000000
0.180331 -0.983605 0.000000 -14.569385 0.000000 -0.000000 -1.000000 24.197042 0.983605 0.180331 -0.000000 -71.098038 0.000000 0.000000 0.000000 1.000000
0.494615 -0.869113 -0.000002 -13.063723 0.000000 0.000002 -1.000000 24.197031 0.869113 0.494615 0.000001 -93.150414 0.000000 0.000000 0.000000 1.000000
0.494621 -0.869109 0.000000 -13.063688 0.000000 -0.000000 -1.000000 24.197039 0.869109 0.494621 -0.000000 -93.150848 0.000000 0.000000 0.000000 1.000000
0.494626 -0.869106 -0.000003 -13.063714 0.000007 0.000008 -1.000000 24.196857 0.869106 0.494626 0.000010 -93.151085 0.000000 0.000000 0.000000 1.000000
0.494622 -0.869108 -0.000001 -13.063692 0.000001 0.000002 -1.000000 24.197006 0.869108 0.494622 0.000002 -93.150894 0.000000 0.000000 0.000000 1.000000
0.494623 -0.869108 -0.000001 -13.063697 0.000002 0.000003 -1.000000 24.196983 0.869108 0.494623 0.000003 -93.150925 0.000000 0.000000 0.000000 1.000000
0.494625 -0.869107 -0.000003 -13.063704 0.000004 0.000005 -1.000000 24.196922 0.869107 0.494625 0.000006 -93.151009 0.000000 0.000000 0.000000 1.000000
0.494626 -0.869106 -0.000002 -13.063709 0.000006 0.000005 -1.000000 24.196882 0.869106 0.494626 0.000008 -93.151054 0.000000 0.000000 0.000000 1.000000
0.180325 -0.983607 -0.000006 -14.569418 0.000000 0.000006 -1.000000 24.197018 0.983607 0.180325 0.000001 -71.097610 0.000000 0.000000 0.000000 1.000000
-0.154149 -0.988048 0.000000 -16.075142 -0.000000 -0.000000 -1.000000 24.197052 0.988048 -0.154149 0.000000 -49.044346 0.000000 0.000000 0.000000 1.000000</float_array>
          <technique_common>
            <accessor source="#Ankle_R-Matrix-animation-output-transform-array" count="11" stride="16">
              <param type="float4x4"/>
            </accessor>
          </technique_common>
        </source>
        <source id="Ankle_R-Interpolations">
          <Name_array id="Ankle_R-Interpolations-array" count="11">
 LINEAR LINEAR LINEAR LINEAR LINEAR LINEAR LINEAR LINEAR LINEAR LINEAR LINEAR</Name_array>
          <technique_common>
            <accessor source="#Ankle_R-Interpolations-array" count="11">
              <param type="name"/>
            </accessor>
          </technique_common>
        </source>
        <sampler id="Ankle_R-Matrix-animation-transform">
          <input semantic="INPUT" source="#Ankle_R-Matrix-animation-input"/>
          <input semantic="OUTPUT" source="#Ankle_R-Matrix-animation-output-transform"/>
          <input semantic="INTERPOLATION" source="#Ankle_R-Interpolations"/>
        </sampler>
        <channel source="#Ankle_R-Matrix-animation-transform" target="Ankle_R/matrix"/>
      </animation>
    </animation>
    <animation id="Toes_R-anim" name="Toes_R">
      <animation>
        <source id="Toes_R-Matrix-animation-input">
          <float_array id="Toes_R-Matrix-animation-input-array" count="11">

0.000000 0.033333 0.066667 0.100000 0.133333 0.166667 0.200000 0.233333 0.266667 0.300000 0.333333</float_array>
          <technique_common>
            <accessor source="#Toes_R-Matrix-animation-input-array" count="11">
              <param name="TIME" type="float"/>
            </accessor>
          </technique_common>
        </source>
        <source id="Toes_R-Matrix-animation-output-transform">
          <float_array id="Toes_R-Matrix-animation-output-transform-array" count="176">

-0.084428 -0.335966 -0.938082 -33.060326 0.003249 0.941346 -0.337427 7.166471 0.996424 -0.031536 -0.078384 -51.694263 0.000000 0.000000 0.000000 1.000000
0.248913 -0.327574 -0.911448 -31.478197 0.003249 0.941345 -0.337432 7.166466 0.968520 0.081030 0.235378 -67.998032 0.000000 0.000000 0.000000 1.000000
0.554386 -0.282526 -0.782838 -28.004314 0.003249 0.941345 -0.337430 7.166463 0.832254 0.184523 0.522786 -84.647652 0.000000 0.000000 0.000000 1.000000
0.554392 -0.282524 -0.782835 -28.004242 0.003249 0.941345 -0.337430 7.166463 0.832250 0.184525 0.522792 -84.647987 0.000000 0.000000 0.000000 1.000000
0.554392 -0.282524 -0.782835 -28.004278 0.003249 0.941345 -0.337430 7.166421 0.832250 0.184525 0.522792 -84.647964 0.000000 0.000000 0.000000 1.000000
0.554392 -0.282524 -0.782835 -28.004248 0.003249 0.941345 -0.337430 7.166460 0.832250 0.184525 0.522792 -84.647987 0.000000 0.000000 0.000000 1.000000
0.554392 -0.282524 -0.782834 -28.004251 0.003249 0.941345 -0.337430 7.166451 0.832250 0.184525 0.522792 -84.647980 0.000000 0.000000 0.000000 1.000000
0.554392 -0.282524 -0.782834 -28.004265 0.003249 0.941345 -0.337430 7.166438 0.832250 0.184525 0.522792 -84.647980 0.000000 0.000000 0.000000 1.000000
0.554392 -0.282525 -0.782835 -28.004272 0.003249 0.941345 -0.337430 7.166429 0.832250 0.184525 0.522792 -84.647972 0.000000 0.000000 0.000000 1.000000
0.248907 -0.327575 -0.911450 -31.478275 0.003249 0.941345 -0.337432 7.166448 0.968522 0.081028 0.235372 -67.997696 0.000000 0.000000 0.000000 1.000000
-0.084428 -0.335966 -0.938082 -33.060326 0.003249 0.941346 -0.337427 7.166471 0.996424 -0.031536 -0.078384 -51.694263 0.000000 0.000000 0.000000 1.000000</float_array>
          <technique_common>
            <accessor source="#Toes_R-Matrix-animation-output-transform-array" count="11" stride="16">
              <param type="float4x4"/>
            </accessor>
          </technique_common>
        </source>
        <source id="Toes_R-Interpolations">
          <Name_array id="Toes_R-Interpolations-array" count="11">
 LINEAR LINEAR LINEAR LINEAR LINEAR LINEAR LINEAR LINEAR LINEAR LINEAR LINEAR</Name_array>
          <technique_common>
            <accessor source="#Toes_R-Interpolations-array" count="11">
              <param type="name"/>
            </accessor>
          </technique_common>
        </source>
        <sampler id="Toes_R-Matrix-animation-transform">
          <input semantic="INPUT" source="#Toes_R-Matrix-animation-input"/>
          <input semantic="OUTPUT" source="#Toes_R-Matrix-animation-output-transform"/>
          <input semantic="INTERPOLATION" source="#Toes_R-Interpolations"/>
        </sampler>
        <channel source="#Toes_R-Matrix-animation-transform" target="Toes_R/matrix"/>
      </animation>
    </animation>
    <animation id="Belt_joint_L-anim" name="Belt_joint_L">
      <animation>
        <source id="Belt_joint_L-Matrix-animation-input">
          <float_array id="Belt_joint_L-Matrix-animation-input-array" count="11">

0.000000 0.033333 0.066667 0.100000 0.133333 0.166667 0.200000 0.233333 0.266667 0.300000 0.333333</float_array>
          <technique_common>
            <accessor source="#Belt_joint_L-Matrix-animation-input-array" count="11">
              <param name="TIME" type="float"/>
            </accessor>
          </technique_common>
        </source>
        <source id="Belt_joint_L-Matrix-animation-output-transform">
          <float_array id="Belt_joint_L-Matrix-animation-output-transform-array" count="176">

-0.283305 -0.898549 -0.335182 17.866142 0.479690 -0.435408 0.761786 106.964653 -0.830443 0.055034 0.554378 -0.431403 0.000000 0.000000 0.000000 1.000000
-0.157414 -0.853399 -0.496922 32.758606 0.250490 -0.521243 0.815819 95.903198 -0.955236 0.003947 0.295818 -19.346193 0.000000 0.000000 0.000000 1.000000
0.311298 -0.644909 -0.697986 9.963927 -0.094230 -0.751809 0.652613 81.358063 -0.945629 -0.137386 -0.294806 -48.086559 0.000000 0.000000 0.000000 1.000000
0.103272 -0.757944 -0.644093 10.761414 0.231254 -0.611514 0.756685 73.363678 -0.967397 -0.227093 0.112125 -59.639122 0.000000 0.000000 0.000000 1.000000
-0.120015 -0.783876 -0.609209 11.772280 0.627482 -0.535424 0.565320 76.989182 -0.769325 -0.314421 0.556127 -53.279789 0.000000 0.000000 0.000000 1.000000
-0.415775 -0.619720 -0.665641 12.035583 0.457932 -0.775006 0.435504 77.502548 -0.785767 -0.123747 0.606018 -50.038006 0.000000 0.000000 0.000000 1.000000
-0.719977 -0.264290 -0.641704 12.104458 -0.038678 -0.907930 0.417333 77.290443 -0.692919 0.325290 0.643467 -50.909081 0.000000 0.000000 0.000000 1.000000
-0.822950 0.089181 -0.561070 12.228148 -0.444342 -0.716423 0.537865 76.897217 -0.353996 0.691943 0.629207 -52.522793 0.000000 0.000000 0.000000 1.000000
-0.826852 0.227191 -0.514490 12.653273 -0.543294 -0.559181 0.626217 76.479881 -0.145422 0.797308 0.585792 -53.464405 0.000000 0.000000 0.000000 1.000000
-0.903573 -0.182533 -0.387605 30.774700 -0.017903 -0.887825 0.459833 90.033569 -0.428060 0.422432 0.798947 -36.046215 0.000000 0.000000 0.000000 1.000000
-0.283305 -0.898549 -0.335182 17.866142 0.479690 -0.435408 0.761786 106.964653 -0.830443 0.055034 0.554378 -0.431403 0.000000 0.000000 0.000000 1.000000</float_array>
          <technique_common>
            <accessor source="#Belt_joint_L-Matrix-animation-output-transform-array" count="11" stride="16">
              <param type="float4x4"/>
            </accessor>
          </technique_common>
        </source>
        <source id="Belt_joint_L-Interpolations">
          <Name_array id="Belt_joint_L-Interpolations-array" count="11">
 LINEAR LINEAR LINEAR LINEAR LINEAR LINEAR LINEAR LINEAR LINEAR LINEAR LINEAR</Name_array>
          <technique_common>
            <accessor source="#Belt_joint_L-Interpolations-array" count="11">
              <param type="name"/>
            </accessor>
          </technique_common>
        </source>
        <sampler id="Belt_joint_L-Matrix-animation-transform">
          <input semantic="INPUT" source="#Belt_joint_L-Matrix-animation-input"/>
          <input semantic="OUTPUT" source="#Belt_joint_L-Matrix-animation-output-transform"/>
          <input semantic="INTERPOLATION" source="#Belt_joint_L-Interpolations"/>
        </sampler>
        <channel source="#Belt_joint_L-Matrix-animation-transform" target="Belt_joint_L/matrix"/>
      </animation>
    </animation>
    <animation id="Belt_joint_2_L-anim" name="Belt_joint_2_L">
      <animation>
        <source id="Belt_joint_2_L-Matrix-animation-input">
          <float_array id="Belt_joint_2_L-Matrix-animation-input-array" count="11">

0.000000 0.033333 0.066667 0.100000 0.133333 0.166667 0.200000 0.233333 0.266667 0.300000 0.333333</float_array>
          <technique_common>
            <accessor source="#Belt_joint_2_L-Matrix-animation-input-array" count="11">
              <param name="TIME" type="float"/>
            </accessor>
          </technique_common>
        </source>
        <source id="Belt_joint_2_L-Matrix-animation-output-transform">
          <float_array id="Belt_joint_2_L-Matrix-animation-output-transform-array" count="176">

-0.233253 -0.845089 -0.481058 30.536150 0.056441 -0.505636 0.860898 78.168823 -0.970777 0.173656 0.165639 -21.387136 0.000000 0.000000 0.000000 1.000000
-0.030076 -0.802979 -0.595248 51.542397 -0.277931 -0.565315 0.776643 65.064980 -0.960129 0.188797 -0.206171 -30.528023 0.000000 0.000000 0.000000 1.000000
0.520144 -0.696473 -0.494344 36.348030 -0.595010 -0.710729 0.375270 56.689110 -0.612709 0.098945 -0.784091 -36.942871 0.000000 0.000000 0.000000 1.000000
0.156812 -0.792692 -0.589108 35.108395 -0.002036 -0.596746 0.802427 44.760666 -0.987626 -0.124631 -0.095191 -63.877491 0.000000 0.000000 0.000000 1.000000
-0.264932 -0.838249 -0.476602 34.800621 0.769219 -0.481774 0.419756 55.619808 -0.581474 -0.255404 0.772435 -74.301605 0.000000 0.000000 0.000000 1.000000
-0.693216 -0.626451 -0.356384 37.197117 0.552124 -0.779415 0.296093 61.040268 -0.463258 0.008488 0.886182 -72.945686 0.000000 0.000000 0.000000 1.000000
-0.982474 -0.084687 -0.166049 36.361118 -0.022130 -0.831535 0.555031 61.515072 -0.185079 0.548979 0.815088 -75.232399 0.000000 0.000000 0.000000 1.000000
-0.894506 0.432244 -0.114118 33.436836 -0.309880 -0.415501 0.855180 56.565674 0.322231 0.800327 0.505612 -76.307045 0.000000 0.000000 0.000000 1.000000
-0.779842 0.614486 -0.119385 32.101219 -0.288011 -0.182888 0.940000 52.808586 0.555783 0.767438 0.319603 -75.607536 0.000000 0.000000 0.000000 1.000000
-0.938844 0.128156 -0.319605 45.426338 -0.278273 -0.829064 0.484992 72.651688 -0.202818 0.544270 0.814024 -66.246735 0.000000 0.000000 0.000000 1.000000
-0.233253 -0.845089 -0.481058 30.536150 0.056441 -0.505636 0.860898 78.168823 -0.970777 0.173656 0.165639 -21.387136 0.000000 0.000000 0.000000 1.000000</float_array>
          <technique_common>
            <accessor source="#Belt_joint_2_L-Matrix-animation-output-transform-array" count="11" stride="16">
              <param type="float4x4"/>
            </accessor>
          </technique_common>
        </source>
        <source id="Belt_joint_2_L-Interpolations">
          <Name_array id="Belt_joint_2_L-Interpolations-array" count="11">
 LINEAR LINEAR LINEAR LINEAR LINEAR LINEAR LINEAR LINEAR LINEAR LINEAR LINEAR</Name_array>
          <technique_common>
            <accessor source="#Belt_joint_2_L-Interpolations-array" count="11">
              <param type="name"/>
            </accessor>
          </technique_common>
        </source>
        <sampler id="Belt_joint_2_L-Matrix-animation-transform">
          <input semantic="INPUT" source="#Belt_joint_2_L-Matrix-animation-input"/>
          <input semantic="OUTPUT" source="#Belt_joint_2_L-Matrix-animation-output-transform"/>
          <input semantic="INTERPOLATION" source="#Belt_joint_2_L-Interpolations"/>
        </sampler>
        <channel source="#Belt_joint_2_L-Matrix-animation-transform" target="Belt_joint_2_L/matrix"/>
      </animation>
    </animation>
    <animation id="Belt_joint_3_L-anim" name="Belt_joint_3_L">
      <animation>
        <source id="Belt_joint_3_L-Matrix-animation-input">
          <float_array id="Belt_joint_3_L-Matrix-animation-input-array" count="11">

0.000000 0.033333 0.066667 0.100000 0.133333 0.166667 0.200000 0.233333 0.266667 0.300000 0.333333</float_array>
          <technique_common>
            <accessor source="#Belt_joint_3_L-Matrix-animation-input-array" count="11">
              <param name="TIME" type="float"/>
            </accessor>
          </technique_common>
        </source>
        <source id="Belt_joint_3_L-Matrix-animation-output-transform">
          <float_array id="Belt_joint_3_L-Matrix-animation-output-transform-array" count="176">

0.400277 -0.681430 -0.612724 47.349770 -0.502251 -0.722390 0.475286 48.079453 -0.766500 0.117495 -0.631405 -27.176426 0.000000 0.000000 0.000000 1.000000
0.622373 -0.621398 -0.475937 72.346748 -0.674755 -0.734107 0.076112 37.920456 -0.396685 0.273770 -0.876180 -23.322100 0.000000 0.000000 0.000000 1.000000
0.789406 -0.603838 0.110535 53.625675 -0.487416 -0.726008 -0.485118 43.572952 0.373182 0.329078 -0.867435 -9.538112 0.000000 0.000000 0.000000 1.000000
0.673302 -0.566346 -0.475306 55.698521 -0.345107 -0.809258 0.475397 16.714964 -0.653885 -0.156054 -0.740325 -60.550449 0.000000 0.000000 0.000000 1.000000
-0.014855 -0.729544 -0.683773 51.458355 0.791633 -0.426333 0.437674 40.948799 -0.610817 -0.534795 0.583864 -101.299095 0.000000 0.000000 0.000000 1.000000
-0.722614 -0.590777 -0.358903 49.653141 0.600473 -0.793683 0.097461 50.691387 -0.342433 -0.145085 0.928272 -103.918762 0.000000 0.000000 0.000000 1.000000
-0.971708 0.127647 0.198720 42.164700 0.000441 -0.840391 0.541980 42.116077 0.236185 0.526734 0.816559 -103.720665 0.000000 0.000000 0.000000 1.000000
-0.599420 0.772898 0.208144 37.425457 0.031784 -0.236851 0.971026 26.676142 0.799803 0.588669 0.117407 -93.978760 0.000000 0.000000 0.000000 1.000000
-0.369684 0.926640 0.068366 36.273869 0.234459 0.021834 0.971880 19.954487 0.899090 0.375318 -0.225330 -86.778030 0.000000 0.000000 0.000000 1.000000
-0.871988 0.298921 -0.387663 56.596893 -0.416510 -0.869132 0.266700 55.700645 -0.257208 0.394024 0.882377 -94.697830 0.000000 0.000000 0.000000 1.000000
0.400277 -0.681430 -0.612724 47.349770 -0.502251 -0.722390 0.475286 48.079453 -0.766500 0.117495 -0.631405 -27.176426 0.000000 0.000000 0.000000 1.000000</float_array>
          <technique_common>
            <accessor source="#Belt_joint_3_L-Matrix-animation-output-transform-array" count="11" stride="16">
              <param type="float4x4"/>
            </accessor>
          </technique_common>
        </source>
        <source id="Belt_joint_3_L-Interpolations">
          <Name_array id="Belt_joint_3_L-Interpolations-array" count="11">
 LINEAR LINEAR LINEAR LINEAR LINEAR LINEAR LINEAR LINEAR LINEAR LINEAR LINEAR</Name_array>
          <technique_common>
            <accessor source="#Belt_joint_3_L-Interpolations-array" count="11">
              <param type="name"/>
            </accessor>
          </technique_common>
        </source>
        <sampler id="Belt_joint_3_L-Matrix-animation-transform">
          <input semantic="INPUT" source="#Belt_joint_3_L-Matrix-animation-input"/>
          <input semantic="OUTPUT" source="#Belt_joint_3_L-Matrix-animation-output-transform"/>
          <input semantic="INTERPOLATION" source="#Belt_joint_3_L-Interpolations"/>
        </sampler>
        <channel source="#Belt_joint_3_L-Matrix-animation-transform" target="Belt_joint_3_L/matrix"/>
      </animation>
    </animation>
    <animation id="Hip_L-anim" name="Hip_L">
      <animation>
        <source id="Hip_L-Matrix-animation-input">
          <float_array id="Hip_L-Matrix-animation-input-array" count="11">

0.000000 0.033333 0.066667 0.100000 0.133333 0.166667 0.200000 0.233333 0.266667 0.300000 0.333333</float_array>
          <technique_common>
            <accessor source="#Hip_L-Matrix-animation-input-array" count="11">
              <param name="TIME" type="float"/>
            </accessor>
          </technique_common>
        </source>
        <source id="Hip_L-Matrix-animation-output-transform">
          <float_array id="Hip_L-Matrix-animation-output-transform-array" count="176">

0.898461 0.432752 -0.074118 9.071089 0.391196 -0.712396 0.582629 85.114311 0.199333 -0.552464 -0.809351 5.922293 0.000000 0.000000 0.000000 1.000000
0.990748 -0.018109 -0.134492 24.116558 0.019647 -0.961476 0.274187 74.482971 -0.134276 -0.274293 -0.952225 -11.494500 0.000000 0.000000 0.000000 1.000000
0.864349 -0.117717 -0.488921 2.364155 -0.096628 -0.992978 0.068252 60.415619 -0.493522 -0.011750 -0.869655 -38.145882 0.000000 0.000000 0.000000 1.000000
0.883062 -0.201919 -0.423592 2.391675 -0.209044 -0.977442 0.030136 52.786556 -0.420122 0.061938 -0.905351 -49.555016 0.000000 0.000000 0.000000 1.000000
0.857324 -0.228872 -0.461100 2.459826 -0.252574 -0.967519 0.010627 56.923538 -0.448555 0.107351 -0.887285 -42.993492 0.000000 0.000000 0.000000 1.000000
0.853103 -0.206160 -0.479284 2.500700 -0.243543 -0.969752 -0.016365 57.567093 -0.461413 0.130688 -0.877507 -39.702480 0.000000 0.000000 0.000000 1.000000
0.854250 -0.215191 -0.473233 2.526263 -0.249508 -0.968320 -0.010077 57.379158 -0.456072 0.126684 -0.880880 -40.567009 0.000000 0.000000 0.000000 1.000000
0.858575 -0.227687 -0.459355 2.586218 -0.253910 -0.967216 0.004837 57.019821 -0.445397 0.112482 -0.888239 -42.174751 0.000000 0.000000 0.000000 1.000000
0.867169 -0.231619 -0.440875 2.731457 -0.247728 -0.968589 0.021598 56.770702 -0.432029 0.090488 -0.897309 -43.059330 0.000000 0.000000 0.000000 1.000000
0.993589 -0.025847 -0.110058 23.137863 -0.013960 -0.994114 0.107436 69.448128 -0.112187 -0.105211 -0.988102 -25.412405 0.000000 0.000000 0.000000 1.000000
0.898461 0.432752 -0.074118 9.071089 0.391196 -0.712396 0.582629 85.114311 0.199333 -0.552464 -0.809351 5.922293 0.000000 0.000000 0.000000 1.000000</float_array>
          <technique_common>
            <accessor source="#Hip_L-Matrix-animation-output-transform-array" count="11" stride="16">
              <param type="float4x4"/>
            </accessor>
          </technique_common>
        </source>
        <source id="Hip_L-Interpolations">
          <Name_array id="Hip_L-Interpolations-array" count="11">
 LINEAR LINEAR LINEAR LINEAR LINEAR LINEAR LINEAR LINEAR LINEAR LINEAR LINEAR</Name_array>
          <technique_common>
            <accessor source="#Hip_L-Interpolations-array" count="11">
              <param type="name"/>
            </accessor>
          </technique_common>
        </source>
        <sampler id="Hip_L-Matrix-animation-transform">
          <input semantic="INPUT" source="#Hip_L-Matrix-animation-input"/>
          <input semantic="OUTPUT" source="#Hip_L-Matrix-animation-output-transform"/>
          <input semantic="INTERPOLATION" source="#Hip_L-Interpolations"/>
        </sampler>
        <channel source="#Hip_L-Matrix-animation-transform" target="Hip_L/matrix"/>
      </animation>
    </animation>
    <animation id="Knee_L-anim" name="Knee_L">
      <animation>
        <source id="Knee_L-Matrix-animation-input">
          <float_array id="Knee_L-Matrix-animation-input-array" count="11">

0.000000 0.033333 0.066667 0.100000 0.133333 0.166667 0.200000 0.233333 0.266667 0.300000 0.333333</float_array>
          <technique_common>
            <accessor source="#Knee_L-Matrix-animation-input-array" count="11">
              <param name="TIME" type="float"/>
            </accessor>
          </technique_common>
        </source>
        <source id="Knee_L-Matrix-animation-output-transform">
          <float_array id="Knee_L-Matrix-animation-output-transform-array" count="176">

0.898461 0.050815 -0.436103 12.372181 0.391196 0.358304 0.847693 59.164738 0.199333 -0.932221 0.302043 41.969757 0.000000 0.000000 0.000000 1.000000
0.990748 -0.135517 0.007148 30.106680 0.019647 0.195352 0.980536 62.270977 -0.134276 -0.971326 0.196207 30.916300 0.000000 0.000000 0.000000 1.000000
0.864349 -0.490163 -0.112430 24.140024 -0.096628 -0.381278 0.919397 57.375690 -0.493522 -0.783816 -0.376921 0.587316 0.000000 0.000000 0.000000 1.000000
0.883062 -0.444945 -0.149083 21.257956 -0.209044 -0.657439 0.723930 51.444366 -0.420122 -0.608110 -0.673572 -9.231829 0.000000 0.000000 0.000000 1.000000
0.857324 -0.507782 -0.084571 22.996639 -0.252574 -0.558081 0.790412 56.450253 -0.448555 -0.656279 -0.606709 -3.474982 0.000000 0.000000 0.000000 1.000000
0.853103 -0.517977 -0.062572 23.847383 -0.243543 -0.501405 0.830230 58.295979 -0.461413 -0.693032 -0.553900 -0.619419 0.000000 0.000000 0.000000 1.000000
0.854250 -0.515424 -0.067778 23.603447 -0.249508 -0.520878 0.816353 57.827984 -0.456072 -0.680459 -0.573563 -1.333754 0.000000 0.000000 0.000000 1.000000
0.858575 -0.506241 -0.081048 23.045292 -0.253910 -0.557200 0.790606 56.804371 -0.445397 -0.658216 -0.606937 -2.613695 0.000000 0.000000 0.000000 1.000000
0.867168 -0.488389 -0.097442 22.367493 -0.247728 -0.592757 0.766336 55.808746 -0.432029 -0.640403 -0.635008 -3.094364 0.000000 0.000000 0.000000 1.000000
0.993589 -0.112761 -0.008112 28.039688 -0.013960 -0.193581 0.980985 64.663071 -0.112187 -0.974583 -0.193914 18.596378 0.000000 0.000000 0.000000 1.000000
0.898461 0.050815 -0.436103 12.372181 0.391196 0.358304 0.847693 59.164738 0.199333 -0.932221 0.302043 41.969757 0.000000 0.000000 0.000000 1.000000</float_array>
          <technique_common>
            <accessor source="#Knee_L-Matrix-animation-output-transform-array" count="11" stride="16">
              <param type="float4x4"/>
            </accessor>
          </technique_common>
        </source>
        <source id="Knee_L-Interpolations">
          <Name_array id="Knee_L-Interpolations-array" count="11">
 LINEAR LINEAR LINEAR LINEAR LINEAR LINEAR LINEAR LINEAR LINEAR LINEAR LINEAR</Name_array>
          <technique_common>
            <accessor source="#Knee_L-Interpolations-array" count="11">
              <param type="name"/>
            </accessor>
          </technique_common>
        </source>
        <sampler id="Knee_L-Matrix-animation-transform">
          <input semantic="INPUT" source="#Knee_L-Matrix-animation-input"/>
          <input semantic="OUTPUT" source="#Knee_L-Matrix-animation-output-transform"/>
          <input semantic="INTERPOLATION" source="#Knee_L-Interpolations"/>
        </sampler>
        <channel source="#Knee_L-Matrix-animation-transform" target="Knee_L/matrix"/>
      </animation>
    </animation>
    <animation id="Ankle_L-anim" name="Ankle_L">
      <animation>
        <source id="Ankle_L-Matrix-animation-input">
          <float_array id="Ankle_L-Matrix-animation-input-array" count="11">

0.000000 0.033333 0.066667 0.100000 0.133333 0.166667 0.200000 0.233333 0.266667 0.300000 0.333333</float_array>
          <technique_common>
            <accessor source="#Ankle_L-Matrix-animation-input-array" count="11">
              <param name="TIME" type="float"/>
            </accessor>
          </technique_common>
        </source>
        <source id="Ankle_L-Matrix-animation-output-transform">
          <float_array id="Ankle_L-Matrix-animation-output-transform-array" count="176">

0.890172 0.455625 -0.000000 30.361607 0.000000 0.000000 1.000000 24.197041 0.455625 -0.890172 0.000000 29.510347 0.000000 0.000000 0.000000 1.000000
0.996300 0.085274 0.010679 29.812016 0.007278 -0.207540 0.978199 21.823606 0.085631 -0.974503 -0.207393 22.822618 0.000000 0.000000 0.000000 1.000000
0.957568 -0.252563 -0.138833 28.777952 0.010000 -0.452308 0.891805 19.450310 -0.288032 -0.855353 -0.430590 16.135300 0.000000 0.000000 0.000000 1.000000
0.971019 -0.236196 -0.036524 27.407709 -0.075768 -0.449149 0.890239 21.581968 -0.226675 -0.861671 -0.454028 18.553310 0.000000 0.000000 0.000000 1.000000
0.974970 -0.206992 0.081164 26.485256 -0.166042 -0.435094 0.884942 23.845444 -0.147862 -0.876269 -0.458573 21.552046 0.000000 0.000000 0.000000 1.000000
0.976534 -0.191606 0.098332 26.428467 -0.174360 -0.435380 0.883200 24.048704 -0.126415 -0.879620 -0.458571 22.229170 0.000000 0.000000 0.000000 1.000000
0.976536 -0.188114 0.104834 26.399305 -0.178563 -0.435167 0.882465 24.153091 -0.120384 -0.880479 -0.458547 22.325937 0.000000 0.000000 0.000000 1.000000
0.977550 -0.178866 0.111369 26.388552 -0.180222 -0.435960 0.881737 24.191553 -0.109161 -0.882013 -0.458408 22.422733 0.000000 0.000000 0.000000 1.000000
0.980879 -0.146075 0.128600 26.387011 -0.180805 -0.439485 0.879865 24.197069 -0.072008 -0.886293 -0.457493 23.099939 0.000000 0.000000 0.000000 1.000000
0.973766 0.181524 0.137217 28.374315 -0.090778 -0.243060 0.965754 24.197039 0.208659 -0.952875 -0.220205 26.595413 0.000000 0.000000 0.000000 1.000000
0.890172 0.455625 -0.000000 30.361607 0.000000 0.000000 1.000000 24.197041 0.455625 -0.890172 0.000000 29.510347 0.000000 0.000000 0.000000 1.000000</float_array>
          <technique_common>
            <accessor source="#Ankle_L-Matrix-animation-output-transform-array" count="11" stride="16">
              <param type="float4x4"/>
            </accessor>
          </technique_common>
        </source>
        <source id="Ankle_L-Interpolations">
          <Name_array id="Ankle_L-Interpolations-array" count="11">
 LINEAR LINEAR LINEAR LINEAR LINEAR LINEAR LINEAR LINEAR LINEAR LINEAR LINEAR</Name_array>
          <technique_common>
            <accessor source="#Ankle_L-Interpolations-array" count="11">
              <param type="name"/>
            </accessor>
          </technique_common>
        </source>
        <sampler id="Ankle_L-Matrix-animation-transform">
          <input semantic="INPUT" source="#Ankle_L-Matrix-animation-input"/>
          <input semantic="OUTPUT" source="#Ankle_L-Matrix-animation-output-transform"/>
          <input semantic="INTERPOLATION" source="#Ankle_L-Interpolations"/>
        </sampler>
        <channel source="#Ankle_L-Matrix-animation-transform" target="Ankle_L/matrix"/>
      </animation>
    </animation>
    <animation id="Toes_L-anim" name="Toes_L">
      <animation>
        <source id="Toes_L-Matrix-animation-input">
          <float_array id="Toes_L-Matrix-animation-input-array" count="11">

0.000000 0.033333 0.066667 0.100000 0.133333 0.166667 0.200000 0.233333 0.266667 0.300000 0.333333</float_array>
          <technique_common>
            <accessor source="#Toes_L-Matrix-animation-input-array" count="11">
              <param name="TIME" type="float"/>
            </accessor>
          </technique_common>
        </source>
        <source id="Toes_L-Matrix-animation-output-transform">
          <float_array id="Toes_L-Matrix-animation-output-transform-array" count="176">

0.855997 0.171826 0.487591 22.529106 -0.003249 -0.941345 0.337431 7.166466 0.516971 -0.290424 -0.805230 44.812984 0.000000 0.000000 0.000000 1.000000
0.987820 0.039232 0.150578 28.164244 0.018647 -0.990567 0.135757 8.732060 0.154483 -0.131296 -0.979233 43.106934 0.000000 0.000000 0.000000 1.000000
0.973378 0.065391 -0.219680 35.484100 0.038821 -0.991627 -0.123163 12.037827 -0.225894 0.111356 -0.967766 38.172539 0.000000 0.000000 0.000000 1.000000
0.985314 -0.025141 -0.168890 32.090088 -0.046952 -0.990865 -0.126421 14.141852 -0.164169 0.132494 -0.977494 41.098358 0.000000 0.000000 0.000000 1.000000
0.986824 -0.126007 -0.101492 28.661303 -0.137972 -0.983008 -0.121076 16.253920 -0.084511 0.133484 -0.987441 44.425453 0.000000 0.000000 0.000000 1.000000
0.987248 -0.136954 -0.081148 28.047674 -0.146244 -0.981636 -0.122491 16.491756 -0.062882 0.132796 -0.989147 45.160152 0.000000 0.000000 0.000000 1.000000
0.986984 -0.141898 -0.075674 27.847721 -0.150449 -0.980959 -0.122821 16.605009 -0.056805 0.132608 -0.989539 45.271259 0.000000 0.000000 0.000000 1.000000
0.987325 -0.144915 -0.064718 27.566696 -0.152047 -0.980574 -0.123922 16.669497 -0.045503 0.132192 -0.990179 45.392056 0.000000 0.000000 0.000000 1.000000
0.988289 -0.150021 -0.027890 26.708010 -0.152374 -0.980012 -0.127903 16.767502 -0.008144 0.130655 -0.991394 46.127266 0.000000 0.000000 0.000000 1.000000
0.958175 -0.047940 0.282138 22.916933 -0.076634 -0.992847 0.091557 11.928055 0.275730 -0.109349 -0.954995 46.726189 0.000000 0.000000 0.000000 1.000000
0.855997 0.171826 0.487591 22.529106 -0.003249 -0.941345 0.337431 7.166466 0.516971 -0.290424 -0.805230 44.812984 0.000000 0.000000 0.000000 1.000000</float_array>
          <technique_common>
            <accessor source="#Toes_L-Matrix-animation-output-transform-array" count="11" stride="16">
              <param type="float4x4"/>
            </accessor>
          </technique_common>
        </source>
        <source id="Toes_L-Interpolations">
          <Name_array id="Toes_L-Interpolations-array" count="11">
 LINEAR LINEAR LINEAR LINEAR LINEAR LINEAR LINEAR LINEAR LINEAR LINEAR LINEAR</Name_array>
          <technique_common>
            <accessor source="#Toes_L-Interpolations-array" count="11">
              <param type="name"/>
            </accessor>
          </technique_common>
        </source>
        <sampler id="Toes_L-Matrix-animation-transform">
          <input semantic="INPUT" source="#Toes_L-Matrix-animation-input"/>
          <input semantic="OUTPUT" source="#Toes_L-Matrix-animation-output-transform"/>
          <input semantic="INTERPOLATION" source="#Toes_L-Interpolations"/>
        </sampler>
        <channel source="#Toes_L-Matrix-animation-transform" target="Toes_L/matrix"/>
      </animation>
    </animation>
    <animation id="bow_up_joint1-anim" name="bow_up_joint1">
      <animation>
        <source id="bow_up_joint1-Matrix-animation-input">
          <float_array id="bow_up_joint1-Matrix-animation-input-array" count="11">

0.000000 0.033333 0.066667 0.100000 0.133333 0.166667 0.200000 0.233333 0.266667 0.300000 0.333333</float_array>
          <technique_common>
            <accessor source="#bow_up_joint1-Matrix-animation-input-array" count="11">
              <param name="TIME" type="float"/>
            </accessor>
          </technique_common>
        </source>
        <source id="bow_up_joint1-Matrix-animation-output-transform">
          <float_array id="bow_up_joint1-Matrix-animation-output-transform-array" count="176">

-0.458999 -0.857539 -0.232261 2.402974 -0.044571 0.283324 -0.957988 108.800728 0.887318 -0.429363 -0.168267 85.442345 0.000000 0.000000 0.000000 1.000000
-0.767119 -0.319386 0.556346 16.621483 -0.083238 -0.810364 -0.579984 164.813690 0.636082 -0.491226 0.595060 55.352905 0.000000 0.000000 0.000000 1.000000
-0.847850 -0.375636 0.374231 -19.977459 0.116876 -0.820816 -0.559108 160.222610 0.517195 -0.430301 0.739832 -1.480790 0.000000 0.000000 0.000000 1.000000
0.924899 -0.377935 -0.041561 85.816460 0.009990 0.133428 -0.991008 86.700928 0.380082 0.916167 0.127183 -38.917068 0.000000 0.000000 0.000000 1.000000
0.978680 0.159869 -0.128949 98.612885 -0.177708 0.344294 -0.921890 72.559395 -0.102985 0.925150 0.365364 -50.825790 0.000000 0.000000 0.000000 1.000000
0.979021 0.155745 -0.131385 99.360855 -0.179714 0.356122 -0.916995 72.784439 -0.096028 0.921369 0.376641 -45.156544 0.000000 0.000000 0.000000 1.000000
0.989411 0.127349 -0.069633 101.161514 -0.113435 0.379169 -0.918348 78.859055 -0.090548 0.916523 0.389599 -44.488800 0.000000 0.000000 0.000000 1.000000
0.998460 0.049548 -0.024947 101.319412 -0.043800 0.428139 -0.902651 86.043983 -0.034044 0.902354 0.429650 -40.494984 0.000000 0.000000 0.000000 1.000000
0.992125 -0.091424 -0.085604 97.207848 -0.025147 0.524158 -0.851250 90.013550 0.122694 0.846700 0.517731 -27.731529 0.000000 0.000000 0.000000 1.000000
-0.917465 -0.235170 -0.320863 -28.276098 0.155751 0.529832 -0.833678 116.211197 0.366060 -0.814845 -0.449474 0.588344 0.000000 0.000000 0.000000 1.000000
-0.458999 -0.857539 -0.232261 2.402974 -0.044571 0.283324 -0.957988 108.800728 0.887318 -0.429363 -0.168267 85.442345 0.000000 0.000000 0.000000 1.000000</float_array>
          <technique_common>
            <accessor source="#bow_up_joint1-Matrix-animation-output-transform-array" count="11" stride="16">
              <param type="float4x4"/>
            </accessor>
          </technique_common>
        </source>
        <source id="bow_up_joint1-Interpolations">
          <Name_array id="bow_up_joint1-Interpolations-array" count="11">
 LINEAR LINEAR LINEAR LINEAR LINEAR LINEAR LINEAR LINEAR LINEAR LINEAR LINEAR</Name_array>
          <technique_common>
            <accessor source="#bow_up_joint1-Interpolations-array" count="11">
              <param type="name"/>
            </accessor>
          </technique_common>
        </source>
        <sampler id="bow_up_joint1-Matrix-animation-transform">
          <input semantic="INPUT" source="#bow_up_joint1-Matrix-animation-input"/>
          <input semantic="OUTPUT" source="#bow_up_joint1-Matrix-animation-output-transform"/>
          <input semantic="INTERPOLATION" source="#bow_up_joint1-Interpolations"/>
        </sampler>
        <channel source="#bow_up_joint1-Matrix-animation-transform" target="bow_up_joint1/matrix"/>
      </animation>
    </animation>
    <animation id="bow_up_joint2-anim" name="bow_up_joint2">
      <animation>
        <source id="bow_up_joint2-Matrix-animation-input">
          <float_array id="bow_up_joint2-Matrix-animation-input-array" count="11">

0.000000 0.033333 0.066667 0.100000 0.133333 0.166667 0.200000 0.233333 0.266667 0.300000 0.333333</float_array>
          <technique_common>
            <accessor source="#bow_up_joint2-Matrix-animation-input-array" count="11">
              <param name="TIME" type="float"/>
            </accessor>
          </technique_common>
        </source>
        <source id="bow_up_joint2-Matrix-animation-output-transform">
          <float_array id="bow_up_joint2-Matrix-animation-output-transform-array" count="176">

-0.968240 -0.092546 0.232263 -6.994480 0.244183 -0.150447 0.957988 108.709213 -0.053715 0.984277 0.168267 98.934868 0.000000 0.000000 0.000000 1.000000
-0.689668 -0.463549 -0.556310 3.409901 -0.721739 0.377718 0.580019 161.643738 -0.058739 0.801531 -0.595061 64.614342 0.000000 0.000000 0.000000 1.000000
-0.781039 -0.499903 -0.374265 -34.629902 -0.620138 0.550321 0.559084 160.287292 -0.073522 0.668762 -0.739832 5.980467 0.000000 0.000000 0.000000 1.000000
0.008231 0.999102 0.041560 100.036339 0.126949 -0.042269 0.991008 87.162483 0.991875 -0.002881 -0.127183 -30.673840 0.000000 0.000000 0.000000 1.000000
0.525136 0.841192 0.128949 114.913284 0.249056 -0.296799 0.921890 70.435654 0.813759 -0.452002 -0.365364 -50.431454 0.000000 0.000000 0.000000 1.000000
0.521462 0.843098 0.131386 115.657570 0.259193 -0.303214 0.916995 70.654503 0.812955 -0.444124 -0.376640 -44.657341 0.000000 0.000000 0.000000 1.000000
0.499275 0.863641 0.069632 117.563889 0.306031 -0.250960 0.918348 77.860413 0.810598 -0.437199 -0.389599 -43.911186 0.000000 0.000000 0.000000 1.000000
0.430992 0.902012 0.024947 117.694946 0.378079 -0.205616 0.902650 86.289352 0.819330 -0.379603 -0.429650 -39.028664 0.000000 0.000000 0.000000 1.000000
0.298493 0.950566 0.085603 113.164497 0.473859 -0.225459 0.851250 90.777786 0.828468 -0.213529 -0.517732 -23.836637 0.000000 0.000000 0.000000 1.000000
-0.570984 -0.755662 0.320863 -43.747971 0.548897 -0.060761 0.833679 119.934921 -0.610483 0.652138 0.449474 4.726441 0.000000 0.000000 0.000000 1.000000
-0.968240 -0.092546 0.232263 -6.994480 0.244183 -0.150447 0.957988 108.709213 -0.053715 0.984277 0.168267 98.934868 0.000000 0.000000 0.000000 1.000000</float_array>
          <technique_common>
            <accessor source="#bow_up_joint2-Matrix-animation-output-transform-array" count="11" stride="16">
              <param type="float4x4"/>
            </accessor>
          </technique_common>
        </source>
        <source id="bow_up_joint2-Interpolations">
          <Name_array id="bow_up_joint2-Interpolations-array" count="11">
 LINEAR LINEAR LINEAR LINEAR LINEAR LINEAR LINEAR LINEAR LINEAR LINEAR LINEAR</Name_array>
          <technique_common>
            <accessor source="#bow_up_joint2-Interpolations-array" count="11">
              <param type="name"/>
            </accessor>
          </technique_common>
        </source>
        <sampler id="bow_up_joint2-Matrix-animation-transform">
          <input semantic="INPUT" source="#bow_up_joint2-Matrix-animation-input"/>
          <input semantic="OUTPUT" source="#bow_up_joint2-Matrix-animation-output-transform"/>
          <input semantic="INTERPOLATION" source="#bow_up_joint2-Interpolations"/>
        </sampler>
        <channel source="#bow_up_joint2-Matrix-animation-transform" target="bow_up_joint2/matrix"/>
      </animation>
    </animation>
    <animation id="bow_up_joint3-anim" name="bow_up_joint3">
      <animation>
        <source id="bow_up_joint3-Matrix-animation-input">
          <float_array id="bow_up_joint3-Matrix-animation-input-array" count="11">

0.000000 0.033333 0.066667 0.100000 0.133333 0.166667 0.200000 0.233333 0.266667 0.300000 0.333333</float_array>
          <technique_common>
            <accessor source="#bow_up_joint3-Matrix-animation-input-array" count="11">
              <param name="TIME" type="float"/>
            </accessor>
          </technique_common>
        </source>
        <source id="bow_up_joint3-Matrix-animation-output-transform">
          <float_array id="bow_up_joint3-Matrix-animation-output-transform-array" count="176">

-0.651093 -0.722587 0.232263 -18.974215 0.281653 0.054143 0.957988 111.909004 -0.704805 0.689156 0.168267 97.253479 0.000000 0.000000 0.000000 1.000000
-0.287601 -0.779619 -0.556309 -4.714513 -0.806234 -0.116462 0.580020 152.254837 -0.516983 0.615329 -0.595062 63.058086 0.000000 0.000000 0.000000 1.000000
-0.340379 -0.862594 -0.374266 -43.856438 -0.824952 0.082947 0.559084 151.988052 -0.451219 0.499051 -0.739831 4.376319 0.000000 0.000000 0.000000 1.000000
-0.669167 0.741949 0.041560 99.112236 0.122135 0.054643 0.991008 88.789093 0.733007 0.668226 -0.127183 -18.301289 0.000000 0.000000 0.000000 1.000000
-0.181462 0.974907 0.128948 120.597740 0.384155 -0.050432 0.921890 73.846619 0.905260 0.216824 -0.365364 -39.818626 0.000000 0.000000 0.000000 1.000000
-0.185457 0.973829 0.131386 121.294258 0.395963 -0.048310 0.916995 74.198494 0.899344 0.222087 -0.376641 -34.062637 0.000000 0.000000 0.000000 1.000000
-0.215694 0.973975 0.069633 122.902763 0.395169 0.021857 0.918348 81.934799 0.892926 0.225599 -0.389599 -33.352985 0.000000 0.000000 0.000000 1.000000
-0.291953 0.956108 0.024947 122.142845 0.417626 0.103973 0.902650 91.215652 0.860437 0.273950 -0.429650 -28.420765 0.000000 0.000000 0.000000 1.000000
-0.422427 0.902346 0.085604 115.910110 0.501631 0.154079 0.851249 96.918938 0.754932 0.402532 -0.517731 -13.285446 0.000000 0.000000 0.000000 1.000000
0.089864 -0.942853 0.320863 -50.092091 0.445628 0.326183 0.833679 126.842613 -0.890696 0.068068 0.449474 -3.557021 0.000000 0.000000 0.000000 1.000000
-0.651093 -0.722587 0.232263 -18.974215 0.281653 0.054143 0.957988 111.909004 -0.704805 0.689156 0.168267 97.253479 0.000000 0.000000 0.000000 1.000000</float_array>
          <technique_common>
            <accessor source="#bow_up_joint3-Matrix-animation-output-transform-array" count="11" stride="16">
              <param type="float4x4"/>
            </accessor>
          </technique_common>
        </source>
        <source id="bow_up_joint3-Interpolations">
          <Name_array id="bow_up_joint3-Interpolations-array" count="11">
 LINEAR LINEAR LINEAR LINEAR LINEAR LINEAR LINEAR LINEAR LINEAR LINEAR LINEAR</Name_array>
          <technique_common>
            <accessor source="#bow_up_joint3-Interpolations-array" count="11">
              <param type="name"/>
            </accessor>
          </technique_common>
        </source>
        <sampler id="bow_up_joint3-Matrix-animation-transform">
          <input semantic="INPUT" source="#bow_up_joint3-Matrix-animation-input"/>
          <input semantic="OUTPUT" source="#bow_up_joint3-Matrix-animation-output-transform"/>
          <input semantic="INTERPOLATION" source="#bow_up_joint3-Interpolations"/>
        </sampler>
        <channel source="#bow_up_joint3-Matrix-animation-transform" target="bow_up_joint3/matrix"/>
      </animation>
    </animation>
    <animation id="bow_up_joint4-anim" name="bow_up_joint4">
      <animation>
        <source id="bow_up_joint4-Matrix-animation-input">
          <float_array id="bow_up_joint4-Matrix-animation-input-array" count="11">

0.000000 0.033333 0.066667 0.100000 0.133333 0.166667 0.200000 0.233333 0.266667 0.300000 0.333333</float_array>
          <technique_common>
            <accessor source="#bow_up_joint4-Matrix-animation-input-array" count="11">
              <param name="TIME" type="float"/>
            </accessor>
          </technique_common>
        </source>
        <source id="bow_up_joint4-Matrix-animation-output-transform">
          <float_array id="bow_up_joint4-Matrix-animation-output-transform-array" count="176">

-0.881751 -0.410572 0.232262 -29.543095 0.280406 -0.060267 0.957988 116.625694 -0.379325 0.909834 0.168267 84.988579 0.000000 0.000000 0.000000 1.000000
-0.519171 -0.648831 -0.556310 -9.125080 -0.801736 0.144211 0.580019 138.731674 -0.296108 0.747143 -0.595062 54.000103 0.000000 0.000000 0.000000 1.000000
-0.595460 -0.710881 -0.374266 -49.110069 -0.756495 0.339321 0.559084 138.037735 -0.270446 0.616043 -0.739831 -3.508111 0.000000 0.000000 0.000000 1.000000
-0.325886 0.944495 0.041560 87.418411 0.133777 0.002551 0.991008 90.816963 0.935897 0.328515 -0.127183 -6.321373 0.000000 0.000000 0.000000 1.000000
0.214078 0.968268 0.128948 116.993286 0.333873 -0.196589 0.921890 80.349495 0.917987 -0.154304 -0.365364 -24.682674 0.000000 0.000000 0.000000 1.000000
0.209979 0.968838 0.131385 117.623062 0.345571 -0.199251 0.916995 80.899155 0.914598 -0.147147 -0.376641 -19.029356 0.000000 0.000000 0.000000 1.000000
0.182205 0.980792 0.069632 118.721870 0.372269 -0.134357 0.918348 88.582794 0.910064 -0.141406 -0.389599 -18.429831 0.000000 0.000000 0.000000 1.000000
0.105030 0.994158 0.024885 116.686668 0.425039 -0.067498 0.902655 98.196129 0.899062 -0.084229 -0.429645 -14.072281 0.000000 0.000000 0.000000 1.000000
-0.036076 0.995671 0.085668 108.285057 0.521947 -0.054330 0.851246 105.287201 0.852215 0.075424 -0.517727 -0.787181 0.000000 0.000000 0.000000 1.000000
-0.285857 -0.902958 0.320862 -48.049389 0.537678 0.126026 0.833678 134.170593 -0.793214 0.410833 0.449475 -18.607079 0.000000 0.000000 0.000000 1.000000
-0.881751 -0.410572 0.232262 -29.543095 0.280406 -0.060267 0.957988 116.625694 -0.379325 0.909834 0.168267 84.988579 0.000000 0.000000 0.000000 1.000000</float_array>
          <technique_common>
            <accessor source="#bow_up_joint4-Matrix-animation-output-transform-array" count="11" stride="16">
              <param type="float4x4"/>
            </accessor>
          </technique_common>
        </source>
        <source id="bow_up_joint4-Interpolations">
          <Name_array id="bow_up_joint4-Interpolations-array" count="11">
 LINEAR LINEAR LINEAR LINEAR LINEAR LINEAR LINEAR LINEAR LINEAR LINEAR LINEAR</Name_array>
          <technique_common>
            <accessor source="#bow_up_joint4-Interpolations-array" count="11">
              <param type="name"/>
            </accessor>
          </technique_common>
        </source>
        <sampler id="bow_up_joint4-Matrix-animation-transform">
          <input semantic="INPUT" source="#bow_up_joint4-Matrix-animation-input"/>
          <input semantic="OUTPUT" source="#bow_up_joint4-Matrix-animation-output-transform"/>
          <input semantic="INTERPOLATION" source="#bow_up_joint4-Interpolations"/>
        </sampler>
        <channel source="#bow_up_joint4-Matrix-animation-transform" target="bow_up_joint4/matrix"/>
      </animation>
    </animation>
    <animation id="bow_up_joint5-anim" name="bow_up_joint5">
      <animation>
        <source id="bow_up_joint5-Matrix-animation-input">
          <float_array id="bow_up_joint5-Matrix-animation-input-array" count="11">

0.000000 0.033333 0.066667 0.100000 0.133333 0.166667 0.200000 0.233333 0.266667 0.300000 0.333333</float_array>
          <technique_common>
            <accessor source="#bow_up_joint5-Matrix-animation-input-array" count="11">
              <param name="TIME" type="float"/>
            </accessor>
          </technique_common>
        </source>
        <source id="bow_up_joint5-Matrix-animation-output-transform">
          <float_array id="bow_up_joint5-Matrix-animation-output-transform-array" count="176">

-0.240593 -0.942427 0.232264 -44.318516 0.224208 0.178860 0.957988 121.191925 -0.944376 0.282560 0.168267 79.386673 0.000000 0.000000 0.000000 1.000000
0.173408 -0.812680 -0.556309 -18.107454 -0.619302 -0.529190 0.580020 125.656387 -0.765764 0.243944 -0.595061 49.652790 0.000000 0.000000 0.000000 1.000000
0.173123 -0.911017 -0.374265 -59.389240 -0.741662 -0.370623 0.559084 125.841431 -0.648047 0.180788 -0.739831 -7.524747 0.000000 0.000000 0.000000 1.000000
-0.937362 0.345868 0.041560 82.718781 0.082738 0.105153 0.991008 93.017159 0.338388 0.932372 -0.127183 9.286876 0.000000 0.000000 0.000000 1.000000
-0.613836 0.778831 0.128949 121.183701 0.363573 0.133915 0.921890 85.699715 0.700728 0.612772 -0.365364 -9.704007 0.000000 0.000000 0.000000 1.000000
-0.616872 0.776020 0.131386 121.746513 0.373041 0.141283 0.916995 86.439758 0.693043 0.614681 -0.376641 -4.101403 0.000000 0.000000 0.000000 1.000000
-0.643712 0.762093 0.069633 122.397194 0.339722 0.203040 0.918348 94.607224 0.685729 0.614807 -0.389599 -3.572403 0.000000 0.000000 0.000000 1.000000
-0.702926 0.710825 0.024947 119.102989 0.321435 0.286184 0.902651 105.134148 0.634488 0.642515 -0.429650 0.644045 0.000000 0.000000 0.000000 1.000000
-0.793456 0.602577 0.085604 108.383545 0.372522 0.369596 0.851249 113.826973 0.481305 0.707319 -0.517731 13.270108 0.000000 0.000000 0.000000 1.000000
0.517836 -0.793028 0.320863 -53.374031 0.242937 0.495945 0.833679 143.094070 -0.820261 -0.353759 0.449474 -31.357161 0.000000 0.000000 0.000000 1.000000
-0.240593 -0.942427 0.232264 -44.318516 0.224208 0.178860 0.957988 121.191925 -0.944376 0.282560 0.168267 79.386673 0.000000 0.000000 0.000000 1.000000</float_array>
          <technique_common>
            <accessor source="#bow_up_joint5-Matrix-animation-output-transform-array" count="11" stride="16">
              <param type="float4x4"/>
            </accessor>
          </technique_common>
        </source>
        <source id="bow_up_joint5-Interpolations">
          <Name_array id="bow_up_joint5-Interpolations-array" count="11">
 LINEAR LINEAR LINEAR LINEAR LINEAR LINEAR LINEAR LINEAR LINEAR LINEAR LINEAR</Name_array>
          <technique_common>
            <accessor source="#bow_up_joint5-Interpolations-array" count="11">
              <param type="name"/>
            </accessor>
          </technique_common>
        </source>
        <sampler id="bow_up_joint5-Matrix-animation-transform">
          <input semantic="INPUT" source="#bow_up_joint5-Matrix-animation-input"/>
          <input semantic="OUTPUT" source="#bow_up_joint5-Matrix-animation-output-transform"/>
          <input semantic="INTERPOLATION" source="#bow_up_joint5-Interpolations"/>
        </sampler>
        <channel source="#bow_up_joint5-Matrix-animation-transform" target="bow_up_joint5/matrix"/>
      </animation>
    </animation>
    <animation id="String_joint-anim" name="String_joint">
      <animation>
        <source id="String_joint-Matrix-animation-input">
          <float_array id="String_joint-Matrix-animation-input-array" count="11">

0.000000 0.033333 0.066667 0.100000 0.133333 0.166667 0.200000 0.233333 0.266667 0.300000 0.333333</float_array>
          <technique_common>
            <accessor source="#String_joint-Matrix-animation-input-array" count="11">
              <param name="TIME" type="float"/>
            </accessor>
          </technique_common>
        </source>
        <source id="String_joint-Matrix-animation-output-transform">
          <float_array id="String_joint-Matrix-animation-output-transform-array" count="176">

-0.240593 -0.942427 0.232264 22.925209 0.224208 0.178860 0.957988 109.161606 -0.944376 0.282560 0.168267 55.397476 0.000000 0.000000 0.000000 1.000000
-0.166359 -0.814152 -0.556310 -1.518402 -0.779341 -0.237080 0.580019 93.872002 -0.604113 0.530046 -0.595062 -42.380299 0.000000 0.000000 0.000000 1.000000
-0.205980 -0.904155 -0.374266 -31.443050 -0.828006 -0.042796 0.559084 86.999695 -0.521516 0.425054 -0.739832 -83.040260 0.000000 0.000000 0.000000 1.000000
-0.937362 0.345868 0.041560 54.171551 0.082738 0.105153 0.991008 85.783241 0.338388 0.932372 -0.127183 -56.854301 0.000000 0.000000 0.000000 1.000000
-0.613836 0.778831 0.128949 62.559837 0.363573 0.133915 0.921890 77.443604 0.700728 0.612772 -0.365364 -51.381439 0.000000 0.000000 0.000000 1.000000
-0.616872 0.776020 0.131386 63.314594 0.373041 0.141283 0.916995 77.686424 0.693043 0.614681 -0.376641 -45.946568 0.000000 0.000000 0.000000 1.000000
-0.643712 0.762093 0.069633 64.867233 0.339722 0.203040 0.918348 81.262817 0.685729 0.614807 -0.389599 -45.455090 0.000000 0.000000 0.000000 1.000000
-0.702926 0.710825 0.024947 65.053558 0.321435 0.286184 0.902651 85.708282 0.634488 0.642515 -0.429650 -43.437935 0.000000 0.000000 0.000000 1.000000
-0.793456 0.602577 0.085604 61.822014 0.372522 0.369596 0.851250 88.560356 0.481305 0.707320 -0.517731 -36.081177 0.000000 0.000000 0.000000 1.000000
0.517836 -0.793028 0.320863 5.938995 0.242937 0.495945 0.833679 108.201393 -0.820261 -0.353759 0.449474 -8.853950 0.000000 0.000000 0.000000 1.000000
-0.240593 -0.942427 0.232264 22.925209 0.224208 0.178860 0.957988 109.161606 -0.944376 0.282560 0.168267 55.397476 0.000000 0.000000 0.000000 1.000000</float_array>
          <technique_common>
            <accessor source="#String_joint-Matrix-animation-output-transform-array" count="11" stride="16">
              <param type="float4x4"/>
            </accessor>
          </technique_common>
        </source>
        <source id="String_joint-Interpolations">
          <Name_array id="String_joint-Interpolations-array" count="11">
 LINEAR LINEAR LINEAR LINEAR LINEAR LINEAR LINEAR LINEAR LINEAR LINEAR LINEAR</Name_array>
          <technique_common>
            <accessor source="#String_joint-Interpolations-array" count="11">
              <param type="name"/>
            </accessor>
          </technique_common>
        </source>
        <sampler id="String_joint-Matrix-animation-transform">
          <input semantic="INPUT" source="#String_joint-Matrix-animation-input"/>
          <input semantic="OUTPUT" source="#String_joint-Matrix-animation-output-transform"/>
          <input semantic="INTERPOLATION" source="#String_joint-Interpolations"/>
        </sampler>
        <channel source="#String_joint-Matrix-animation-transform" target="String_joint/matrix"/>
      </animation>
    </animation>
    <animation id="bow_down_joint1-anim" name="bow_down_joint1">
      <animation>
        <source id="bow_down_joint1-Matrix-animation-input">
          <float_array id="bow_down_joint1-Matrix-animation-input-array" count="11">

0.000000 0.033333 0.066667 0.100000 0.133333 0.166667 0.200000 0.233333 0.266667 0.300000 0.333333</float_array>
          <technique_common>
            <accessor source="#bow_down_joint1-Matrix-animation-input-array" count="11">
              <param name="TIME" type="float"/>
            </accessor>
          </technique_common>
        </source>
        <source id="bow_down_joint1-Matrix-animation-output-transform">
          <float_array id="bow_down_joint1-Matrix-animation-output-transform-array" count="176">

-0.813885 -0.532584 0.232263 54.737236 0.286146 -0.019499 0.957988 98.868446 -0.505680 0.846153 0.168267 69.751396 0.000000 0.000000 0.000000 1.000000
-0.830944 0.007105 -0.556309 61.832432 -0.382165 0.719394 0.580019 177.979080 0.404326 0.694566 -0.595062 25.918741 0.000000 0.000000 0.000000 1.000000
-0.926876 0.028725 -0.374266 30.231512 -0.200824 0.804422 0.559084 162.599106 0.317127 0.593363 -0.739832 -25.084593 0.000000 0.000000 0.000000 1.000000
-0.457753 0.888107 0.041559 66.609909 0.132033 0.021679 0.991008 80.861664 0.879221 0.459124 -0.127183 -90.692955 0.000000 0.000000 0.000000 1.000000
0.073244 0.988943 0.128951 55.363338 0.358579 -0.146765 0.921890 65.122925 0.930621 -0.021284 -0.365364 -84.853828 0.000000 0.000000 0.000000 1.000000
0.069106 0.988920 0.131387 56.267433 0.370538 -0.147724 0.916995 64.938797 0.926243 -0.014686 -0.376641 -79.290604 0.000000 0.000000 0.000000 1.000000
0.039906 0.996774 0.069630 58.841431 0.387670 -0.079672 0.918348 67.583939 0.920934 -0.009654 -0.389599 -78.629883 0.000000 0.000000 0.000000 1.000000
-0.038387 0.998952 0.024948 61.846336 0.430332 -0.006007 0.902651 70.151810 0.901853 0.045386 -0.429651 -76.174744 0.000000 0.000000 0.000000 1.000000
-0.178257 0.980252 0.085604 63.745941 0.524340 0.021012 0.851250 69.489388 0.832642 0.196627 -0.517732 -67.009880 0.000000 0.000000 0.000000 1.000000
-0.153634 -0.934582 0.320863 15.761813 0.514095 0.201709 0.833679 88.670692 -0.843862 0.293035 0.449475 20.233046 0.000000 0.000000 0.000000 1.000000
-0.813885 -0.532584 0.232263 54.737236 0.286146 -0.019499 0.957988 98.868446 -0.505680 0.846153 0.168267 69.751396 0.000000 0.000000 0.000000 1.000000</float_array>
          <technique_common>
            <accessor source="#bow_down_joint1-Matrix-animation-output-transform-array" count="11" stride="16">
              <param type="float4x4"/>
            </accessor>
          </technique_common>
        </source>
        <source id="bow_down_joint1-Interpolations">
          <Name_array id="bow_down_joint1-Interpolations-array" count="11">
 LINEAR LINEAR LINEAR LINEAR LINEAR LINEAR LINEAR LINEAR LINEAR LINEAR LINEAR</Name_array>
          <technique_common>
            <accessor source="#bow_down_joint1-Interpolations-array" count="11">
              <param type="name"/>
            </accessor>
          </technique_common>
        </source>
        <sampler id="bow_down_joint1-Matrix-animation-transform">
          <input semantic="INPUT" source="#bow_down_joint1-Matrix-animation-input"/>
          <input semantic="OUTPUT" source="#bow_down_joint1-Matrix-animation-output-transform"/>
          <input semantic="INTERPOLATION" source="#bow_down_joint1-Interpolations"/>
        </sampler>
        <channel source="#bow_down_joint1-Matrix-animation-transform" target="bow_down_joint1/matrix"/>
      </animation>
    </animation>
    <animation id="bow_down_joint2-anim" name="bow_down_joint2">
      <animation>
        <source id="bow_down_joint2-Matrix-animation-input">
          <float_array id="bow_down_joint2-Matrix-animation-input-array" count="11">

0.000000 0.033333 0.066667 0.100000 0.133333 0.166667 0.200000 0.233333 0.266667 0.300000 0.333333</float_array>
          <technique_common>
            <accessor source="#bow_down_joint2-Matrix-animation-input-array" count="11">
              <param name="TIME" type="float"/>
            </accessor>
          </technique_common>
        </source>
        <source id="bow_down_joint2-Matrix-animation-output-transform">
          <float_array id="bow_down_joint2-Matrix-animation-output-transform-array" count="176">

-0.805394 -0.545340 -0.232262 69.187904 0.092427 0.271508 -0.957988 94.250900 0.585490 -0.793025 -0.168267 76.093742 0.000000 0.000000 0.000000 1.000000
-0.452540 -0.696942 0.556310 75.352333 0.389131 -0.715651 -0.580019 182.593307 0.802363 -0.046004 0.595062 17.776873 0.000000 0.000000 0.000000 1.000000
-0.487437 -0.788879 0.374266 45.265682 0.560098 -0.611321 -0.559084 164.068893 0.669847 -0.062893 0.739831 -31.579353 0.000000 0.000000 0.000000 1.000000
0.642688 -0.765000 -0.041561 72.077583 0.070947 0.113443 -0.991008 78.662338 0.762836 0.633960 0.127183 -106.043411 0.000000 0.000000 0.000000 1.000000
0.940613 -0.314037 -0.128949 51.955429 0.002970 0.387440 -0.921890 59.610466 0.339468 0.866759 0.365364 -99.965660 0.000000 0.000000 0.000000 1.000000
0.938995 -0.317846 -0.131386 52.926975 0.006699 0.398843 -0.916995 59.233700 0.343866 0.860173 0.376641 -94.345901 0.000000 0.000000 0.000000 1.000000
0.934974 -0.347815 -0.069632 55.959034 0.076089 0.388390 -0.918348 61.447350 0.346460 0.853333 0.389599 -93.609978 0.000000 0.000000 0.000000 1.000000
0.906770 -0.420886 -0.024947 60.234459 0.160515 0.399320 -0.902650 63.155300 0.389874 0.814493 0.429650 -90.967293 0.000000 0.000000 0.000000 1.000000
0.835548 -0.542707 -0.085603 64.454369 0.221715 0.475621 -0.851249 60.901005 0.502695 0.692280 0.517731 -81.013687 0.000000 0.000000 0.000000 1.000000
-0.921483 0.218897 -0.320863 20.357506 0.384464 0.396443 -0.833679 79.844521 -0.055286 -0.891581 -0.449474 33.323013 0.000000 0.000000 0.000000 1.000000
-0.805394 -0.545340 -0.232262 69.187904 0.092427 0.271508 -0.957988 94.250900 0.585490 -0.793025 -0.168267 76.093742 0.000000 0.000000 0.000000 1.000000</float_array>
          <technique_common>
            <accessor source="#bow_down_joint2-Matrix-animation-output-transform-array" count="11" stride="16">
              <param type="float4x4"/>
            </accessor>
          </technique_common>
        </source>
        <source id="bow_down_joint2-Interpolations">
          <Name_array id="bow_down_joint2-Interpolations-array" count="11">
 LINEAR LINEAR LINEAR LINEAR LINEAR LINEAR LINEAR LINEAR LINEAR LINEAR LINEAR</Name_array>
          <technique_common>
            <accessor source="#bow_down_joint2-Interpolations-array" count="11">
              <param type="name"/>
            </accessor>
          </technique_common>
        </source>
        <sampler id="bow_down_joint2-Matrix-animation-transform">
          <input semantic="INPUT" source="#bow_down_joint2-Matrix-animation-input"/>
          <input semantic="OUTPUT" source="#bow_down_joint2-Matrix-animation-output-transform"/>
          <input semantic="INTERPOLATION" source="#bow_down_joint2-Interpolations"/>
        </sampler>
        <channel source="#bow_down_joint2-Matrix-animation-transform" target="bow_down_joint2/matrix"/>
      </animation>
    </animation>
    <animation id="bow_down_joint3-anim" name="bow_down_joint3">
      <animation>
        <source id="bow_down_joint3-Matrix-animation-input">
          <float_array id="bow_down_joint3-Matrix-animation-input-array" count="11">

0.000000 0.033333 0.066667 0.100000 0.133333 0.166667 0.200000 0.233333 0.266667 0.300000 0.333333</float_array>
          <technique_common>
            <accessor source="#bow_down_joint3-Matrix-animation-input-array" count="11">
              <param name="TIME" type="float"/>
            </accessor>
          </technique_common>
        </source>
        <source id="bow_down_joint3-Matrix-animation-output-transform">
          <float_array id="bow_down_joint3-Matrix-animation-output-transform-array" count="176">

-0.225052 -0.946259 -0.232263 78.671432 -0.115373 0.262581 -0.957988 93.377281 0.967492 -0.188800 -0.168267 67.977196 0.000000 0.000000 0.000000 1.000000
0.041290 -0.829948 0.556311 80.279640 0.734510 -0.352242 -0.580018 177.005035 0.677341 0.432564 0.595061 7.723435 0.000000 0.000000 0.000000 1.000000
0.066841 -0.924909 0.374265 50.533718 0.812004 -0.167552 -0.559085 156.455719 0.579812 0.341274 0.739831 -39.997562 0.000000 0.000000 0.000000 1.000000
0.990710 -0.129487 -0.041561 63.276520 -0.024378 0.131562 -0.991008 77.894157 0.133790 0.982815 0.127183 -114.905113 0.000000 0.000000 0.000000 1.000000
0.905516 0.404243 -0.128950 39.902431 -0.259659 0.287569 -0.921890 59.971600 -0.335586 0.868269 0.365364 -103.308380 0.000000 0.000000 0.000000 1.000000
0.906898 0.400343 -0.131385 40.890240 -0.264616 0.298494 -0.916995 59.560043 -0.327895 0.866387 0.376641 -97.750214 0.000000 0.000000 0.000000 1.000000
0.924188 0.375537 -0.069633 43.941650 -0.206409 0.337686 -0.918348 60.897602 -0.321360 0.863099 0.389599 -97.053673 0.000000 0.000000 0.000000 1.000000
0.952784 0.302619 -0.024947 48.493702 -0.151570 0.402800 -0.902650 61.563915 -0.263110 0.863813 0.429650 -94.992325 0.000000 0.000000 0.000000 1.000000
0.982623 0.164695 -0.085604 53.476639 -0.158030 0.500400 -0.851250 58.624817 -0.097361 0.849985 0.517731 -86.571281 0.000000 0.000000 0.000000 1.000000
-0.827117 -0.461437 -0.320863 32.074162 0.015436 0.552034 -0.833679 75.457344 0.561818 -0.694502 -0.449474 33.096207 0.000000 0.000000 0.000000 1.000000
-0.225052 -0.946259 -0.232263 78.671432 -0.115373 0.262581 -0.957988 93.377281 0.967492 -0.188800 -0.168267 67.977196 0.000000 0.000000 0.000000 1.000000</float_array>
          <technique_common>
            <accessor source="#bow_down_joint3-Matrix-animation-output-transform-array" count="11" stride="16">
              <param type="float4x4"/>
            </accessor>
          </technique_common>
        </source>
        <source id="bow_down_joint3-Interpolations">
          <Name_array id="bow_down_joint3-Interpolations-array" count="11">
 LINEAR LINEAR LINEAR LINEAR LINEAR LINEAR LINEAR LINEAR LINEAR LINEAR LINEAR</Name_array>
          <technique_common>
            <accessor source="#bow_down_joint3-Interpolations-array" count="11">
              <param type="name"/>
            </accessor>
          </technique_common>
        </source>
        <sampler id="bow_down_joint3-Matrix-animation-transform">
          <input semantic="INPUT" source="#bow_down_joint3-Matrix-animation-input"/>
          <input semantic="OUTPUT" source="#bow_down_joint3-Matrix-animation-output-transform"/>
          <input semantic="INTERPOLATION" source="#bow_down_joint3-Interpolations"/>
        </sampler>
        <channel source="#bow_down_joint3-Matrix-animation-transform" target="bow_down_joint3/matrix"/>
      </animation>
    </animation>
    <animation id="bow_down_joint4-anim" name="bow_down_joint4">
      <animation>
        <source id="bow_down_joint4-Matrix-animation-input">
          <float_array id="bow_down_joint4-Matrix-animation-input-array" count="11">

0.000000 0.033333 0.066667 0.100000 0.133333 0.166667 0.200000 0.233333 0.266667 0.300000 0.333333</float_array>
          <technique_common>
            <accessor source="#bow_down_joint4-Matrix-animation-input-array" count="11">
              <param name="TIME" type="float"/>
            </accessor>
          </technique_common>
        </source>
        <source id="bow_down_joint4-Matrix-animation-output-transform">
          <float_array id="bow_down_joint4-Matrix-animation-output-transform-array" count="176">

-0.577046 -0.782989 -0.232261 81.934425 -0.003548 0.286786 -0.957988 95.468872 0.816704 -0.551979 -0.168267 51.565231 0.000000 0.000000 0.000000 1.000000
-0.223025 -0.800486 0.556310 79.118835 0.585609 -0.566250 -0.580019 164.428223 0.779308 0.196421 0.595061 -3.450232 0.000000 0.000000 0.000000 1.000000
-0.228785 -0.898656 0.374266 48.889099 0.717483 -0.415505 -0.559084 142.676270 0.657933 0.140620 0.739831 -49.578594 0.000000 0.000000 0.000000 1.000000
0.861261 -0.506461 -0.041560 46.506466 0.028991 0.130621 -0.991008 78.378716 0.507336 0.852311 0.127182 -116.609497 0.000000 0.000000 0.000000 1.000000
0.991486 0.018103 -0.128949 24.867214 -0.126584 0.366190 -0.921890 64.509010 0.030531 0.930364 0.365364 -97.166016 0.000000 0.000000 0.000000 1.000000
0.991233 0.013972 -0.131386 25.829556 -0.126876 0.378183 -0.916995 64.187103 0.036876 0.925625 0.376641 -91.738541 0.000000 0.000000 0.000000 1.000000
0.997450 -0.015619 -0.069633 28.575653 -0.057980 0.391503 -0.918348 64.565590 0.041605 0.920044 0.389599 -91.153976 0.000000 0.000000 0.000000 1.000000
0.995268 -0.093915 -0.024947 32.604889 0.017949 0.429999 -0.902650 64.344116 0.095500 0.897931 0.429650 -90.073959 0.000000 0.000000 0.000000 1.000000
0.968815 -0.232527 -0.085603 37.007671 0.050157 0.522358 -0.851250 61.568558 0.242655 0.820410 0.517731 -84.454239 0.000000 0.000000 0.000000 1.000000
-0.941683 -0.101393 -0.320863 45.755993 0.230003 0.502074 -0.833679 75.506409 0.245626 -0.858860 -0.449474 23.238243 0.000000 0.000000 0.000000 1.000000
-0.577046 -0.782989 -0.232261 81.934425 -0.003548 0.286786 -0.957988 95.468872 0.816704 -0.551979 -0.168267 51.565231 0.000000 0.000000 0.000000 1.000000</float_array>
          <technique_common>
            <accessor source="#bow_down_joint4-Matrix-animation-output-transform-array" count="11" stride="16">
              <param type="float4x4"/>
            </accessor>
          </technique_common>
        </source>
        <source id="bow_down_joint4-Interpolations">
          <Name_array id="bow_down_joint4-Interpolations-array" count="11">
 LINEAR LINEAR LINEAR LINEAR LINEAR LINEAR LINEAR LINEAR LINEAR LINEAR LINEAR</Name_array>
          <technique_common>
            <accessor source="#bow_down_joint4-Interpolations-array" count="11">
              <param type="name"/>
            </accessor>
          </technique_common>
        </source>
        <sampler id="bow_down_joint4-Matrix-animation-transform">
          <input semantic="INPUT" source="#bow_down_joint4-Matrix-animation-input"/>
          <input semantic="OUTPUT" source="#bow_down_joint4-Matrix-animation-output-transform"/>
          <input semantic="INTERPOLATION" source="#bow_down_joint4-Interpolations"/>
        </sampler>
        <channel source="#bow_down_joint4-Matrix-animation-transform" target="bow_down_joint4/matrix"/>
      </animation>
    </animation>
    <animation id="bow_down_joint5-anim" name="bow_down_joint5">
      <animation>
        <source id="bow_down_joint5-Matrix-animation-input">
          <float_array id="bow_down_joint5-Matrix-animation-input-array" count="11">

0.000000 0.033333 0.066667 0.100000 0.133333 0.166667 0.200000 0.233333 0.266667 0.300000 0.333333</float_array>
          <technique_common>
            <accessor source="#bow_down_joint5-Matrix-animation-input-array" count="11">
              <param name="TIME" type="float"/>
            </accessor>
          </technique_common>
        </source>
        <source id="bow_down_joint5-Matrix-animation-output-transform">
          <float_array id="bow_down_joint5-Matrix-animation-output-transform-array" count="176">

0.240593 -0.942427 -0.232264 91.961037 -0.224208 0.178860 -0.957988 95.328041 0.944376 0.282560 -0.168267 38.527088 0.000000 0.000000 0.000000 1.000000
0.478315 -0.679511 0.556309 83.339745 0.809084 0.094666 -0.580019 155.197723 0.341466 0.727533 0.595061 -16.393459 0.000000 0.000000 0.000000 1.000000
0.550646 -0.746133 0.374266 53.272831 0.775919 0.292189 -0.559084 131.173950 0.307794 0.598257 0.739832 -60.488457 0.000000 0.000000 0.000000 1.000000
0.937362 0.345868 -0.041560 32.704494 -0.082738 0.105153 -0.991008 77.811600 -0.338388 0.932372 0.127183 -125.538658 0.000000 0.000000 0.000000 1.000000
0.613836 0.778831 -0.128949 8.560943 -0.363573 0.133915 -0.921890 66.334984 -0.700728 0.612772 0.365364 -98.313736 0.000000 0.000000 0.000000 1.000000
0.616872 0.776020 -0.131386 9.530312 -0.373041 0.141283 -0.916995 66.009560 -0.693043 0.614681 0.376641 -92.987236 0.000000 0.000000 0.000000 1.000000
0.643712 0.762093 -0.069633 12.194778 -0.339722 0.203040 -0.918348 65.246574 -0.685729 0.614807 0.389599 -92.476517 0.000000 0.000000 0.000000 1.000000
0.702926 0.710825 -0.024948 16.314249 -0.321436 0.286183 -0.902651 63.750580 -0.634488 0.642516 0.429650 -92.266823 0.000000 0.000000 0.000000 1.000000
0.793456 0.602577 -0.085604 21.247990 -0.372523 0.369596 -0.851250 60.381622 -0.481305 0.707319 0.517731 -89.011566 0.000000 0.000000 0.000000 1.000000
-0.517836 -0.793028 -0.320863 61.301647 -0.242937 0.495945 -0.833679 71.378014 0.820261 -0.353759 -0.449474 19.798059 0.000000 0.000000 0.000000 1.000000
0.240593 -0.942427 -0.232264 91.961037 -0.224208 0.178860 -0.957988 95.328041 0.944376 0.282560 -0.168267 38.527088 0.000000 0.000000 0.000000 1.000000</float_array>
          <technique_common>
            <accessor source="#bow_down_joint5-Matrix-animation-output-transform-array" count="11" stride="16">
              <param type="float4x4"/>
            </accessor>
          </technique_common>
        </source>
        <source id="bow_down_joint5-Interpolations">
          <Name_array id="bow_down_joint5-Interpolations-array" count="11">
 LINEAR LINEAR LINEAR LINEAR LINEAR LINEAR LINEAR LINEAR LINEAR LINEAR LINEAR</Name_array>
          <technique_common>
            <accessor source="#bow_down_joint5-Interpolations-array" count="11">
              <param type="name"/>
            </accessor>
          </technique_common>
        </source>
        <sampler id="bow_down_joint5-Matrix-animation-transform">
          <input semantic="INPUT" source="#bow_down_joint5-Matrix-animation-input"/>
          <input semantic="OUTPUT" source="#bow_down_joint5-Matrix-animation-output-transform"/>
          <input semantic="INTERPOLATION" source="#bow_down_joint5-Interpolations"/>
        </sampler>
        <channel source="#bow_down_joint5-Matrix-animation-transform" target="bow_down_joint5/matrix"/>
      </animation>
    </animation>
    <animation id="String_joint_2-anim" name="String_joint_2">
      <animation>
        <source id="String_joint_2-Matrix-animation-input">
          <float_array id="String_joint_2-Matrix-animation-input-array" count="11">

0.000000 0.033333 0.066667 0.100000 0.133333 0.166667 0.200000 0.233333 0.266667 0.300000 0.333333</float_array>
          <technique_common>
            <accessor source="#String_joint_2-Matrix-animation-input-array" count="11">
              <param name="TIME" type="float"/>
            </accessor>
          </technique_common>
        </source>
        <source id="String_joint_2-Matrix-animation-output-transform">
          <float_array id="String_joint_2-Matrix-animation-output-transform-array" count="176">

-0.240593 -0.942427 0.232264 22.925211 0.224208 0.178860 0.957988 109.161606 -0.944376 0.282560 0.168267 55.397476 0.000000 0.000000 0.000000 1.000000
-0.166359 -0.814152 -0.556310 -1.518401 -0.779341 -0.237080 0.580019 93.872002 -0.604113 0.530046 -0.595062 -42.380299 0.000000 0.000000 0.000000 1.000000
-0.205980 -0.904155 -0.374266 -31.443056 -0.828006 -0.042796 0.559084 86.999695 -0.521516 0.425054 -0.739832 -83.040253 0.000000 0.000000 0.000000 1.000000
-0.937362 0.345868 0.041560 54.171551 0.082738 0.105153 0.991008 85.783241 0.338388 0.932372 -0.127183 -56.854301 0.000000 0.000000 0.000000 1.000000
-0.613836 0.778831 0.128949 62.559834 0.363573 0.133915 0.921890 77.443596 0.700728 0.612772 -0.365364 -51.381439 0.000000 0.000000 0.000000 1.000000
-0.616872 0.776020 0.131386 63.314590 0.373041 0.141283 0.916995 77.686424 0.693043 0.614681 -0.376641 -45.946571 0.000000 0.000000 0.000000 1.000000
-0.643712 0.762093 0.069633 64.867233 0.339722 0.203040 0.918348 81.262817 0.685729 0.614807 -0.389599 -45.455093 0.000000 0.000000 0.000000 1.000000
-0.702926 0.710825 0.024947 65.053558 0.321435 0.286184 0.902651 85.708282 0.634488 0.642515 -0.429650 -43.437939 0.000000 0.000000 0.000000 1.000000
-0.793456 0.602577 0.085604 61.822014 0.372522 0.369596 0.851250 88.560356 0.481305 0.707320 -0.517731 -36.081177 0.000000 0.000000 0.000000 1.000000
0.517836 -0.793028 0.320863 5.938998 0.242937 0.495945 0.833679 108.201393 -0.820261 -0.353759 0.449474 -8.853948 0.000000 0.000000 0.000000 1.000000
-0.240593 -0.942427 0.232264 22.925211 0.224208 0.178860 0.957988 109.161606 -0.944376 0.282560 0.168267 55.397476 0.000000 0.000000 0.000000 1.000000</float_array>
          <technique_common>
            <accessor source="#String_joint_2-Matrix-animation-output-transform-array" count="11" stride="16">
              <param type="float4x4"/>
            </accessor>
          </technique_common>
        </source>
        <source id="String_joint_2-Interpolations">
          <Name_array id="String_joint_2-Interpolations-array" count="11">
 LINEAR LINEAR LINEAR LINEAR LINEAR LINEAR LINEAR LINEAR LINEAR LINEAR LINEAR</Name_array>
          <technique_common>
            <accessor source="#String_joint_2-Interpolations-array" count="11">
              <param type="name"/>
            </accessor>
          </technique_common>
        </source>
        <sampler id="String_joint_2-Matrix-animation-transform">
          <input semantic="INPUT" source="#String_joint_2-Matrix-animation-input"/>
          <input semantic="OUTPUT" source="#String_joint_2-Matrix-animation-output-transform"/>
          <input semantic="INTERPOLATION" source="#String_joint_2-Interpolations"/>
        </sampler>
        <channel source="#String_joint_2-Matrix-animation-transform" target="String_joint_2/matrix"/>
      </animation>
    </animation>
  </library_animations>
  <library_visual_scenes>
    <visual_scene id="Skill_2" name="Skill_2">
      <node name="root" id="root" sid="root" type="JOINT">
        <matrix sid="matrix">1.000000 0.000000 0.000000 0.000000 0.000000 1.000000 0.000000 0.000000 0.000000 0.000000 1.000000 0.000000 0.000000 0.000000 0.000000 1.000000</matrix>
        <extra>
          <technique profile="FCOLLADA">
            <visibility>1.000000</visibility>
          </technique>
        </extra>
        <node name="Root_M" id="Root_M" sid="Root_M" type="JOINT">
          <matrix sid="matrix">-0.896726 -0.438738 0.058240 -2.699515 0.041484 0.047691 0.998000 91.804131 -0.440638 0.897349 -0.024565 -0.140637 0.000000 0.000000 0.000000 1.000000</matrix>
          <extra>
            <technique profile="FCOLLADA">
              <visibility>1.000000</visibility>
            </technique>
          </extra>
        </node>
        <node name="Bow_Root" id="Bow_Root" sid="Bow_Root" type="JOINT">
          <matrix sid="matrix">-0.240593 -0.942427 0.232264 28.516195 0.224208 0.178860 0.957988 103.951393 -0.944376 0.282560 0.168267 77.343208 0.000000 0.000000 0.000000 1.000000</matrix>
          <extra>
            <technique profile="FCOLLADA">
              <visibility>1.000000</visibility>
            </technique>
          </extra>
        </node>
        <node name="Spine1_M" id="Spine1_M" sid="Spine1_M" type="JOINT">
          <matrix sid="matrix">-0.620930 -0.779708 -0.080629 -1.703436 0.221816 -0.273433 0.935966 110.288040 -0.751827 0.563284 0.342735 -0.432649 0.000000 0.000000 0.000000 1.000000</matrix>
          <extra>
            <technique profile="FCOLLADA">
              <visibility>1.000000</visibility>
            </technique>
          </extra>
        </node>
        <node name="Chest_M" id="Chest_M" sid="Chest_M" type="JOINT">
          <matrix sid="matrix">-0.792676 -0.560894 0.238879 -3.117059 0.157966 0.189484 0.969094 127.087631 -0.588823 0.805912 -0.061597 5.691342 0.000000 0.000000 0.000000 1.000000</matrix>
          <extra>
            <technique profile="FCOLLADA">
              <visibility>1.000000</visibility>
            </technique>
          </extra>
        </node>
        <node name="Neck_M" id="Neck_M" sid="Neck_M" type="JOINT">
          <matrix sid="matrix">-0.792676 -0.573152 0.207757 0.233678 0.157966 0.136047 0.978028 140.729263 -0.588823 0.808077 -0.017303 4.840257 0.000000 0.000000 0.000000 1.000000</matrix>
          <extra>
            <technique profile="FCOLLADA">
              <visibility>1.000000</visibility>
            </technique>
          </extra>
        </node>
        <node name="Head_M" id="Head_M" sid="Head_M" type="JOINT">
          <matrix sid="matrix">-0.998825 -0.037889 0.030229 2.141411 0.038699 -0.247841 0.968027 149.710068 -0.029186 0.968059 0.249016 4.681375 0.000000 0.000000 0.000000 1.000000</matrix>
          <extra>
            <technique profile="FCOLLADA">
              <visibility>1.000000</visibility>
            </technique>
          </extra>
        </node>
        <node name="TopHair_joint_R" id="TopHair_joint_R" sid="TopHair_joint_R" type="JOINT">
          <matrix sid="matrix">-0.998617 -0.049860 -0.016668 -2.920212 -0.033923 0.368915 0.928844 199.351837 -0.040163 0.928125 -0.370096 28.854832 0.000000 0.000000 0.000000 1.000000</matrix>
          <extra>
            <technique profile="FCOLLADA">
              <visibility>1.000000</visibility>
            </technique>
          </extra>
        </node>
        <node name="TopHair_joint2_R" id="TopHair_joint2_R" sid="TopHair_joint2_R" type="JOINT">
          <matrix sid="matrix">-0.153311 0.216453 0.964180 -3.170148 0.985203 -0.042177 0.166122 213.279572 0.076624 0.975382 -0.206784 23.305349 0.000000 0.000000 0.000000 1.000000</matrix>
          <extra>
            <technique profile="FCOLLADA">
              <visibility>1.000000</visibility>
            </technique>
          </extra>
        </node>
        <node name="Sideburns_joint_R" id="Sideburns_joint_R" sid="Sideburns_joint_R" type="JOINT">
          <matrix sid="matrix">0.990437 -0.106383 -0.087850 -19.050999 -0.124649 -0.417025 -0.900307 166.536606 0.059142 0.902648 -0.426297 13.524529 0.000000 0.000000 0.000000 1.000000</matrix>
          <extra>
            <technique profile="FCOLLADA">
              <visibility>1.000000</visibility>
            </technique>
          </extra>
        </node>
        <node name="Sideburns_joint2_R" id="Sideburns_joint2_R" sid="Sideburns_joint2_R" type="JOINT">
          <matrix sid="matrix">0.958746 -0.235880 0.158639 -20.367083 0.148849 -0.058867 -0.987106 153.049118 0.242177 0.969998 -0.021328 7.138181 0.000000 0.000000 0.000000 1.000000</matrix>
          <extra>
            <technique profile="FCOLLADA">
              <visibility>1.000000</visibility>
            </technique>
          </extra>
        </node>
        <node name="HairTail_joint_M" id="HairTail_joint_M" sid="HairTail_joint_M" type="JOINT">
          <matrix sid="matrix">-0.839266 0.378706 0.390146 2.796457 0.034856 0.753547 -0.656469 156.002701 -0.542602 -0.537354 -0.645627 -9.392467 0.000000 0.000000 0.000000 1.000000</matrix>
          <extra>
            <technique profile="FCOLLADA">
              <visibility>1.000000</visibility>
            </technique>
          </extra>
        </node>
        <node name="HairTail_joint2_M" id="HairTail_joint2_M" sid="HairTail_joint2_M" type="JOINT">
          <matrix sid="matrix">-0.891568 0.267186 0.365675 9.731074 0.092762 0.898048 -0.430005 144.334335 -0.443286 -0.349458 -0.825455 -20.868109 0.000000 0.000000 0.000000 1.000000</matrix>
          <extra>
            <technique profile="FCOLLADA">
              <visibility>1.000000</visibility>
            </technique>
          </extra>
        </node>
        <node name="HairTail_joint3_M" id="HairTail_joint3_M" sid="HairTail_joint3_M" type="JOINT">
          <matrix sid="matrix">-0.890605 0.140507 0.432528 14.475117 0.115075 0.989750 -0.084574 138.755722 -0.439978 -0.025549 -0.897645 -31.577040 0.000000 0.000000 0.000000 1.000000</matrix>
          <extra>
            <technique profile="FCOLLADA">
              <visibility>1.000000</visibility>
            </technique>
          </extra>
        </node>
        <node name="Sideburns_joint_L" id="Sideburns_joint_L" sid="Sideburns_joint_L" type="JOINT">
          <matrix sid="matrix">0.974268 0.105338 0.199262 24.019478 -0.224618 0.380587 0.897051 164.867844 0.018657 -0.918726 0.394455 14.783053 0.000000 0.000000 0.000000 1.000000</matrix>
          <extra>
            <technique profile="FCOLLADA">
              <visibility>1.000000</visibility>
            </technique>
          </extra>
        </node>
        <node name="Sideburns_joint2_L" id="Sideburns_joint2_L" sid="Sideburns_joint2_L" type="JOINT">
          <matrix sid="matrix">0.834857 -0.057022 0.547505 21.034342 -0.544800 0.056752 0.836643 151.429153 -0.078779 -0.996759 0.016314 8.873733 0.000000 0.000000 0.000000 1.000000</matrix>
          <extra>
            <technique profile="FCOLLADA">
              <visibility>1.000000</visibility>
            </technique>
          </extra>
        </node>
        <node name="Scapula_R" id="Scapula_R" sid="Scapula_R" type="JOINT">
          <matrix sid="matrix">0.194168 -0.980372 -0.034203 -6.547106 -0.968768 -0.186155 -0.163814 139.216949 0.154232 0.064942 -0.985898 -3.505208 0.000000 0.000000 0.000000 1.000000</matrix>
          <extra>
            <technique profile="FCOLLADA">
              <visibility>1.000000</visibility>
            </technique>
          </extra>
        </node>
        <node name="Shoulder_R" id="Shoulder_R" sid="Shoulder_R" type="JOINT">
          <matrix sid="matrix">0.272809 -0.882611 0.382849 -7.003122 -0.842173 -0.411469 -0.348479 137.032822 0.465102 -0.227357 -0.855563 -16.650120 0.000000 0.000000 0.000000 1.000000</matrix>
          <extra>
            <technique profile="FCOLLADA">
              <visibility>1.000000</visibility>
            </technique>
          </extra>
        </node>
        <node name="Elbow_R" id="Elbow_R" sid="Elbow_R" type="JOINT">
          <matrix sid="matrix">0.272809 -0.597199 -0.754274 5.599309 -0.842173 0.230782 -0.487323 125.561783 0.465102 0.768175 -0.439985 -44.813107 0.000000 0.000000 0.000000 1.000000</matrix>
          <extra>
            <technique profile="FCOLLADA">
              <visibility>1.000000</visibility>
            </technique>
          </extra>
        </node>
        <node name="Wrist_R" id="Wrist_R" sid="Wrist_R" type="JOINT">
          <matrix sid="matrix">-0.127449 -0.322118 -0.938081 -12.972989 0.112646 0.934973 -0.336356 113.562531 0.985428 -0.148539 -0.082876 -55.646751 0.000000 0.000000 0.000000 1.000000</matrix>
          <extra>
            <technique profile="FCOLLADA">
              <visibility>1.000000</visibility>
            </technique>
          </extra>
        </node>
        <node name="MiddleFinger1_R" id="MiddleFinger1_R" sid="MiddleFinger1_R" type="JOINT">
          <matrix sid="matrix">0.210862 -0.373586 -0.903311 -30.731836 0.156518 0.925069 -0.346048 107.195007 0.964904 -0.068416 0.253535 -57.215683 0.000000 0.000000 0.000000 1.000000</matrix>
          <extra>
            <technique profile="FCOLLADA">
              <visibility>1.000000</visibility>
            </technique>
          </extra>
        </node>
        <node name="MiddleFinger2_R" id="MiddleFinger2_R" sid="MiddleFinger2_R" type="JOINT">
          <matrix sid="matrix">0.925088 -0.373734 0.067345 -39.178955 0.366310 0.924964 0.101287 103.958977 -0.100146 -0.069030 0.992575 -54.844803 0.000000 0.000000 0.000000 1.000000</matrix>
          <extra>
            <technique profile="FCOLLADA">
              <visibility>1.000000</visibility>
            </technique>
          </extra>
        </node>
        <node name="ThumbFinger1_R" id="ThumbFinger1_R" sid="ThumbFinger1_R" type="JOINT">
          <matrix sid="matrix">-0.403043 0.550091 -0.731407 -23.033237 -0.471367 0.560260 0.681119 119.097275 0.784455 0.619281 0.033486 -51.976547 0.000000 0.000000 0.000000 1.000000</matrix>
          <extra>
            <technique profile="FCOLLADA">
              <visibility>1.000000</visibility>
            </technique>
          </extra>
        </node>
        <node name="ThumbFinger2_R" id="ThumbFinger2_R" sid="ThumbFinger2_R" type="JOINT">
          <matrix sid="matrix">0.232188 0.550090 -0.802178 -28.162819 -0.814930 0.560260 0.148317 123.874168 0.531015 0.619282 0.578371 -51.741699 0.000000 0.000000 0.000000 1.000000</matrix>
          <extra>
            <technique profile="FCOLLADA">
              <visibility>1.000000</visibility>
            </technique>
          </extra>
        </node>
        <node name="IndexFinger1_R" id="IndexFinger1_R" sid="IndexFinger1_R" type="JOINT">
          <matrix sid="matrix">0.097627 -0.152084 -0.983534 -32.315834 -0.097552 0.982033 -0.161535 112.665321 0.990430 0.111716 0.081037 -56.877979 0.000000 0.000000 0.000000 1.000000</matrix>
          <extra>
            <technique profile="FCOLLADA">
              <visibility>1.000000</visibility>
            </technique>
          </extra>
        </node>
        <node name="IndexFinger2_R" id="IndexFinger2_R" sid="IndexFinger2_R" type="JOINT">
          <matrix sid="matrix">0.934982 -0.151527 -0.320699 -39.303013 0.105768 0.982128 -0.155684 111.517746 0.338558 0.111642 0.934299 -56.302280 0.000000 0.000000 0.000000 1.000000</matrix>
          <extra>
            <technique profile="FCOLLADA">
              <visibility>1.000000</visibility>
            </technique>
          </extra>
        </node>
        <node name="RingFinger1_R" id="RingFinger1_R" sid="RingFinger1_R" type="JOINT">
          <matrix sid="matrix">0.122850 -0.566448 -0.814890 -26.380129 0.236729 0.814133 -0.530233 99.675766 0.963777 -0.127769 0.234111 -54.929634 0.000000 0.000000 0.000000 1.000000</matrix>
          <extra>
            <technique profile="FCOLLADA">
              <visibility>1.000000</visibility>
            </technique>
          </extra>
        </node>
        <node name="RingFinger2_R" id="RingFinger2_R" sid="RingFinger2_R" type="JOINT">
          <matrix sid="matrix">0.805728 -0.565681 0.175521 -32.954140 0.514769 0.815392 0.264856 95.398170 -0.292942 -0.123049 0.948179 -53.040970 0.000000 0.000000 0.000000 1.000000</matrix>
          <extra>
            <technique profile="FCOLLADA">
              <visibility>1.000000</visibility>
            </technique>
          </extra>
        </node>
        <node name="Scapula_L" id="Scapula_L" sid="Scapula_L" type="JOINT">
          <matrix sid="matrix">0.436421 0.495256 -0.751171 6.937093 0.843103 0.066434 0.533633 136.606384 0.314188 -0.866203 -0.388559 10.216575 0.000000 0.000000 0.000000 1.000000</matrix>
          <extra>
            <technique profile="FCOLLADA">
              <visibility>1.000000</visibility>
            </technique>
          </extra>
        </node>
        <node name="Shoulder_L" id="Shoulder_L" sid="Shoulder_L" type="JOINT">
          <matrix sid="matrix">0.300592 0.695492 -0.652638 16.952410 0.934691 -0.078692 0.346642 129.491501 0.189729 -0.714212 -0.673724 15.397202 0.000000 0.000000 0.000000 1.000000</matrix>
          <extra>
            <technique profile="FCOLLADA">
              <visibility>1.000000</visibility>
            </technique>
          </extra>
        </node>
        <node name="Elbow_L" id="Elbow_L" sid="Elbow_L" type="JOINT">
          <matrix sid="matrix">0.300592 0.919315 0.253975 41.320339 0.934691 -0.336921 0.113301 116.460281 0.189729 0.203331 -0.960552 40.988209 0.000000 0.000000 0.000000 1.000000</matrix>
          <extra>
            <technique profile="FCOLLADA">
              <visibility>1.000000</visibility>
            </technique>
          </extra>
        </node>
        <node name="Wrist_L" id="Wrist_L" sid="Wrist_L" type="JOINT">
          <matrix sid="matrix">0.248499 0.960104 0.128254 35.066776 0.936899 -0.271856 0.219807 113.670502 0.245904 0.065539 -0.967076 64.639633 0.000000 0.000000 0.000000 1.000000</matrix>
          <extra>
            <technique profile="FCOLLADA">
              <visibility>1.000000</visibility>
            </technique>
          </extra>
        </node>
        <node name="MiddleFinger1_L" id="MiddleFinger1_L" sid="MiddleFinger1_L" type="JOINT">
          <matrix sid="matrix">0.185594 0.949270 0.253853 32.638794 0.002986 -0.258885 0.965904 109.509331 0.982622 -0.178508 -0.050882 82.947372 0.000000 0.000000 0.000000 1.000000</matrix>
          <extra>
            <technique profile="FCOLLADA">
              <visibility>1.000000</visibility>
            </technique>
          </extra>
        </node>
        <node name="MiddleFinger2_L" id="MiddleFinger2_L" sid="MiddleFinger2_L" type="JOINT">
          <matrix sid="matrix">-0.150590 0.949154 0.276460 30.264938 -0.873056 -0.258877 0.413226 100.476875 0.463784 -0.179137 0.867649 83.423180 0.000000 0.000000 0.000000 1.000000</matrix>
          <extra>
            <technique profile="FCOLLADA">
              <visibility>1.000000</visibility>
            </technique>
          </extra>
        </node>
        <node name="ThumbFinger1_L" id="ThumbFinger1_L" sid="ThumbFinger1_L" type="JOINT">
          <matrix sid="matrix">-0.591657 0.297463 0.749305 25.205616 0.800193 0.329836 0.500899 109.037857 -0.098149 0.895949 -0.433177 69.797981 0.000000 0.000000 0.000000 1.000000</matrix>
          <extra>
            <technique profile="FCOLLADA">
              <visibility>1.000000</visibility>
            </technique>
          </extra>
        </node>
        <node name="ThumbFinger2_L" id="ThumbFinger2_L" sid="ThumbFinger2_L" type="JOINT">
          <matrix sid="matrix">-0.591657 0.297463 0.749305 19.950514 0.800193 0.329836 0.500899 105.524895 -0.098149 0.895949 -0.433177 72.835983 0.000000 0.000000 0.000000 1.000000</matrix>
          <extra>
            <technique profile="FCOLLADA">
              <visibility>1.000000</visibility>
            </technique>
          </extra>
        </node>
        <node name="IndexFinger1_L" id="IndexFinger1_L" sid="IndexFinger1_L" type="JOINT">
          <matrix sid="matrix">0.138548 0.950344 0.278659 27.049540 0.345981 -0.310090 0.885518 110.030556 0.927956 -0.026276 -0.371763 81.929558 0.000000 0.000000 0.000000 1.000000</matrix>
          <extra>
            <technique profile="FCOLLADA">
              <visibility>1.000000</visibility>
            </technique>
          </extra>
        </node>
        <node name="IndexFinger2_L" id="IndexFinger2_L" sid="IndexFinger2_L" type="JOINT">
          <matrix sid="matrix">-0.172508 0.950181 0.259609 25.069901 -0.593743 -0.310604 0.742290 103.739708 0.785946 -0.026090 0.617745 84.570618 0.000000 0.000000 0.000000 1.000000</matrix>
          <extra>
            <technique profile="FCOLLADA">
              <visibility>1.000000</visibility>
            </technique>
          </extra>
        </node>
        <node name="RingFinger1_L" id="RingFinger1_L" sid="RingFinger1_L" type="JOINT">
          <matrix sid="matrix">0.173449 0.968058 0.181048 41.072460 -0.091682 -0.167164 0.981657 106.710342 0.980566 -0.186866 0.059759 81.627747 0.000000 0.000000 0.000000 1.000000</matrix>
          <extra>
            <technique profile="FCOLLADA">
              <visibility>1.000000</visibility>
            </technique>
          </extra>
        </node>
        <node name="RingFinger2_L" id="RingFinger2_L" sid="RingFinger2_L" type="JOINT">
          <matrix sid="matrix">-0.045799 0.968870 0.243299 39.611881 -0.844053 -0.167800 0.509331 98.790947 0.534300 -0.182030 0.825463 81.145653 0.000000 0.000000 0.000000 1.000000</matrix>
          <extra>
            <technique profile="FCOLLADA">
              <visibility>1.000000</visibility>
            </technique>
          </extra>
        </node>
        <node name="Belt_joint_R" id="Belt_joint_R" sid="Belt_joint_R" type="JOINT">
          <matrix sid="matrix">-0.958642 0.225975 0.173035 -13.850531 0.085522 0.808572 -0.582149 108.431923 -0.271462 -0.543274 -0.794457 -16.016512 0.000000 0.000000 0.000000 1.000000</matrix>
          <extra>
            <technique profile="FCOLLADA">
              <visibility>1.000000</visibility>
            </technique>
          </extra>
        </node>
        <node name="Belt_joint_2_R" id="Belt_joint_2_R" sid="Belt_joint_2_R" type="JOINT">
          <matrix sid="matrix">-0.955364 0.290274 0.054959 -7.309766 0.153318 0.646163 -0.747641 86.426453 -0.252533 -0.705843 -0.661825 -46.047314 0.000000 0.000000 0.000000 1.000000</matrix>
          <extra>
            <technique profile="FCOLLADA">
              <visibility>1.000000</visibility>
            </technique>
          </extra>
        </node>
        <node name="Belt_joint_3_R" id="Belt_joint_3_R" sid="Belt_joint_3_R" type="JOINT">
          <matrix sid="matrix">-0.803376 0.529505 0.272418 -5.388886 -0.085522 0.350140 -0.932785 60.295536 -0.589299 -0.772675 -0.236010 -69.178879 0.000000 0.000000 0.000000 1.000000</matrix>
          <extra>
            <technique profile="FCOLLADA">
              <visibility>1.000000</visibility>
            </technique>
          </extra>
        </node>
        <node name="Hip_R" id="Hip_R" sid="Hip_R" type="JOINT">
          <matrix sid="matrix">0.214109 -0.863496 -0.456654 -15.147833 -0.559187 0.274963 -0.782117 86.234726 0.800917 0.422813 -0.423984 -5.978530 0.000000 0.000000 0.000000 1.000000</matrix>
          <extra>
            <technique profile="FCOLLADA">
              <visibility>1.000000</visibility>
            </technique>
          </extra>
        </node>
        <node name="Knee_R" id="Knee_R" sid="Knee_R" type="JOINT">
          <matrix sid="matrix">0.214109 -0.855988 0.470577 -35.486607 -0.559187 -0.502410 -0.659466 51.400291 0.800917 -0.121943 -0.586227 -24.862223 0.000000 0.000000 0.000000 1.000000</matrix>
          <extra>
            <technique profile="FCOLLADA">
              <visibility>1.000000</visibility>
            </technique>
          </extra>
        </node>
        <node name="Ankle_R" id="Ankle_R" sid="Ankle_R" type="JOINT">
          <matrix sid="matrix">-0.154149 -0.988048 0.000000 -16.075142 -0.000000 -0.000000 -1.000000 24.197052 0.988048 -0.154149 0.000000 -49.044346 0.000000 0.000000 0.000000 1.000000</matrix>
          <extra>
            <technique profile="FCOLLADA">
              <visibility>1.000000</visibility>
            </technique>
          </extra>
        </node>
        <node name="Toes_R" id="Toes_R" sid="Toes_R" type="JOINT">
          <matrix sid="matrix">-0.084428 -0.335966 -0.938082 -33.060326 0.003249 0.941346 -0.337427 7.166471 0.996424 -0.031536 -0.078384 -51.694263 0.000000 0.000000 0.000000 1.000000</matrix>
          <extra>
            <technique profile="FCOLLADA">
              <visibility>1.000000</visibility>
            </technique>
          </extra>
        </node>
        <node name="Belt_joint_L" id="Belt_joint_L" sid="Belt_joint_L" type="JOINT">
          <matrix sid="matrix">-0.283305 -0.898549 -0.335182 17.866142 0.479690 -0.435408 0.761786 106.964653 -0.830443 0.055034 0.554378 -0.431403 0.000000 0.000000 0.000000 1.000000</matrix>
          <extra>
            <technique profile="FCOLLADA">
              <visibility>1.000000</visibility>
            </technique>
          </extra>
        </node>
        <node name="Belt_joint_2_L" id="Belt_joint_2_L" sid="Belt_joint_2_L" type="JOINT">
          <matrix sid="matrix">-0.233253 -0.845089 -0.481058 30.536150 0.056441 -0.505636 0.860898 78.168823 -0.970777 0.173656 0.165639 -21.387136 0.000000 0.000000 0.000000 1.000000</matrix>
          <extra>
            <technique profile="FCOLLADA">
              <visibility>1.000000</visibility>
            </technique>
          </extra>
        </node>
        <node name="Belt_joint_3_L" id="Belt_joint_3_L" sid="Belt_joint_3_L" type="JOINT">
          <matrix sid="matrix">0.400277 -0.681430 -0.612724 47.349770 -0.502251 -0.722390 0.475286 48.079453 -0.766500 0.117495 -0.631405 -27.176426 0.000000 0.000000 0.000000 1.000000</matrix>
          <extra>
            <technique profile="FCOLLADA">
              <visibility>1.000000</visibility>
            </technique>
          </extra>
        </node>
        <node name="Hip_L" id="Hip_L" sid="Hip_L" type="JOINT">
          <matrix sid="matrix">0.898461 0.432752 -0.074118 9.071089 0.391196 -0.712396 0.582629 85.114311 0.199333 -0.552464 -0.809351 5.922293 0.000000 0.000000 0.000000 1.000000</matrix>
          <extra>
            <technique profile="FCOLLADA">
              <visibility>1.000000</visibility>
            </technique>
          </extra>
        </node>
        <node name="Knee_L" id="Knee_L" sid="Knee_L" type="JOINT">
          <matrix sid="matrix">0.898461 0.050815 -0.436103 12.372181 0.391196 0.358304 0.847693 59.164738 0.199333 -0.932221 0.302043 41.969757 0.000000 0.000000 0.000000 1.000000</matrix>
          <extra>
            <technique profile="FCOLLADA">
              <visibility>1.000000</visibility>
            </technique>
          </extra>
        </node>
        <node name="Ankle_L" id="Ankle_L" sid="Ankle_L" type="JOINT">
          <matrix sid="matrix">0.890172 0.455625 -0.000000 30.361607 0.000000 0.000000 1.000000 24.197041 0.455625 -0.890172 0.000000 29.510347 0.000000 0.000000 0.000000 1.000000</matrix>
          <extra>
            <technique profile="FCOLLADA">
              <visibility>1.000000</visibility>
            </technique>
          </extra>
        </node>
        <node name="Toes_L" id="Toes_L" sid="Toes_L" type="JOINT">
          <matrix sid="matrix">0.855997 0.171826 0.487591 22.529106 -0.003249 -0.941345 0.337431 7.166466 0.516971 -0.290424 -0.805230 44.812984 0.000000 0.000000 0.000000 1.000000</matrix>
          <extra>
            <technique profile="FCOLLADA">
              <visibility>1.000000</visibility>
            </technique>
          </extra>
        </node>
        <node name="bow_up_joint1" id="bow_up_joint1" sid="bow_up_joint1" type="JOINT">
          <matrix sid="matrix">-0.458999 -0.857539 -0.232261 2.402974 -0.044571 0.283324 -0.957988 108.800728 0.887318 -0.429363 -0.168267 85.442345 0.000000 0.000000 0.000000 1.000000</matrix>
          <extra>
            <technique profile="FCOLLADA">
              <visibility>1.000000</visibility>
            </technique>
          </extra>
        </node>
        <node name="bow_up_joint2" id="bow_up_joint2" sid="bow_up_joint2" type="JOINT">
          <matrix sid="matrix">-0.968240 -0.092546 0.232263 -6.994480 0.244183 -0.150447 0.957988 108.709213 -0.053715 0.984277 0.168267 98.934868 0.000000 0.000000 0.000000 1.000000</matrix>
          <extra>
            <technique profile="FCOLLADA">
              <visibility>1.000000</visibility>
            </technique>
          </extra>
        </node>
        <node name="bow_up_joint3" id="bow_up_joint3" sid="bow_up_joint3" type="JOINT">
          <matrix sid="matrix">-0.651093 -0.722587 0.232263 -18.974215 0.281653 0.054143 0.957988 111.909004 -0.704805 0.689156 0.168267 97.253479 0.000000 0.000000 0.000000 1.000000</matrix>
          <extra>
            <technique profile="FCOLLADA">
              <visibility>1.000000</visibility>
            </technique>
          </extra>
        </node>
        <node name="bow_up_joint4" id="bow_up_joint4" sid="bow_up_joint4" type="JOINT">
          <matrix sid="matrix">-0.881751 -0.410572 0.232262 -29.543095 0.280406 -0.060267 0.957988 116.625694 -0.379325 0.909834 0.168267 84.988579 0.000000 0.000000 0.000000 1.000000</matrix>
          <extra>
            <technique profile="FCOLLADA">
              <visibility>1.000000</visibility>
            </technique>
          </extra>
        </node>
        <node name="bow_up_joint5" id="bow_up_joint5" sid="bow_up_joint5" type="JOINT">
          <matrix sid="matrix">-0.240593 -0.942427 0.232264 -44.318516 0.224208 0.178860 0.957988 121.191925 -0.944376 0.282560 0.168267 79.386673 0.000000 0.000000 0.000000 1.000000</matrix>
          <extra>
            <technique profile="FCOLLADA">
              <visibility>1.000000</visibility>
            </technique>
          </extra>
        </node>
        <node name="String_joint" id="String_joint" sid="String_joint" type="JOINT">
          <matrix sid="matrix">-0.240593 -0.942427 0.232264 22.925209 0.224208 0.178860 0.957988 109.161606 -0.944376 0.282560 0.168267 55.397476 0.000000 0.000000 0.000000 1.000000</matrix>
          <extra>
            <technique profile="FCOLLADA">
              <visibility>1.000000</visibility>
            </technique>
          </extra>
        </node>
        <node name="bow_down_joint1" id="bow_down_joint1" sid="bow_down_joint1" type="JOINT">
          <matrix sid="matrix">-0.813885 -0.532584 0.232263 54.737236 0.286146 -0.019499 0.957988 98.868446 -0.505680 0.846153 0.168267 69.751396 0.000000 0.000000 0.000000 1.000000</matrix>
          <extra>
            <technique profile="FCOLLADA">
              <visibility>1.000000</visibility>
            </technique>
          </extra>
        </node>
        <node name="bow_down_joint2" id="bow_down_joint2" sid="bow_down_joint2" type="JOINT">
          <matrix sid="matrix">-0.805394 -0.545340 -0.232262 69.187904 0.092427 0.271508 -0.957988 94.250900 0.585490 -0.793025 -0.168267 76.093742 0.000000 0.000000 0.000000 1.000000</matrix>
          <extra>
            <technique profile="FCOLLADA">
              <visibility>1.000000</visibility>
            </technique>
          </extra>
        </node>
        <node name="bow_down_joint3" id="bow_down_joint3" sid="bow_down_joint3" type="JOINT">
          <matrix sid="matrix">-0.225052 -0.946259 -0.232263 78.671432 -0.115373 0.262581 -0.957988 93.377281 0.967492 -0.188800 -0.168267 67.977196 0.000000 0.000000 0.000000 1.000000</matrix>
          <extra>
            <technique profile="FCOLLADA">
              <visibility>1.000000</visibility>
            </technique>
          </extra>
        </node>
        <node name="bow_down_joint4" id="bow_down_joint4" sid="bow_down_joint4" type="JOINT">
          <matrix sid="matrix">-0.577046 -0.782989 -0.232261 81.934425 -0.003548 0.286786 -0.957988 95.468872 0.816704 -0.551979 -0.168267 51.565231 0.000000 0.000000 0.000000 1.000000</matrix>
          <extra>
            <technique profile="FCOLLADA">
              <visibility>1.000000</visibility>
            </technique>
          </extra>
        </node>
        <node name="bow_down_joint5" id="bow_down_joint5" sid="bow_down_joint5" type="JOINT">
          <matrix sid="matrix">0.240593 -0.942427 -0.232264 91.961037 -0.224208 0.178860 -0.957988 95.328041 0.944376 0.282560 -0.168267 38.527088 0.000000 0.000000 0.000000 1.000000</matrix>
          <extra>
            <technique profile="FCOLLADA">
              <visibility>1.000000</visibility>
            </technique>
          </extra>
        </node>
        <node name="String_joint_2" id="String_joint_2" sid="String_joint_2" type="JOINT">
          <matrix sid="matrix">-0.240593 -0.942427 0.232264 22.925211 0.224208 0.178860 0.957988 109.161606 -0.944376 0.282560 0.168267 55.397476 0.000000 0.000000 0.000000 1.000000</matrix>
          <extra>
            <technique profile="FCOLLADA">
              <visibility>1.000000</visibility>
            </technique>
          </extra>
        </node>
      </node>
      <extra>
        <technique profile="MAX3D">
          <frame_rate>30.000000</frame_rate>
        </technique>
        <technique profile="FCOLLADA">
          <start_time>0.000000</start_time>
          <end_time>2.000000</end_time>
        </technique>
      </extra>
    </visual_scene>
  </library_visual_scenes>
  <scene>
    <instance_visual_scene url="#Skill_2"/>
  </scene>
</COLLADA>
